dt,active_uv,new_uv,old_uv,新用户占比
2025/1/1,29250,10733,18517,37%
2025/1/2,23227,7244,15983,31%
2025/1/3,22683,6697,15986,30%
2025/1/4,30873,9900,20973,32%
2025/1/5,37316,11395,25921,31%
2025/1/6,27772,7400,20372,27%
2025/1/7,27854,7216,20638,26%
2025/1/8,27746,7319,20427,26%
2025/1/9,28242,8133,20109,29%
2025/1/10,26804,8070,18734,30%
2025/1/11,34192,11288,22904,33%
2025/1/12,36435,11035,25400,30%
2025/1/13,27173,6788,20385,25%
2025/1/14,25761,6530,19231,25%
2025/1/15,23879,6498,17381,27%
2025/1/16,23151,7005,16146,30%
2025/1/17,22825,7421,15404,33%
2025/1/18,21779,7245,14534,33%
2025/1/19,19664,6188,13476,31%
2025/1/20,17460,5227,12233,30%
2025/1/21,15907,4513,11394,28%
2025/1/22,15329,4722,10607,31%
2025/1/23,15094,4770,10324,32%
2025/1/24,14034,4369,9665,31%
2025/1/25,12942,3915,9027,30%
2025/1/26,11867,3482,8385,29%
2025/1/27,9527,2534,6993,27%
2025/1/28,5478,1187,4291,22%
2025/1/29,5340,1183,4157,22%
2025/1/30,7177,1787,5390,25%
2025/1/31,8503,2238,6265,26%
2025/2/1,9668,2624,7044,27%
2025/2/2,10414,2859,7555,27%
2025/2/3,11003,3032,7971,28%
2025/2/4,11792,3307,8485,28%
2025/2/5,12206,3490,8716,29%
2025/2/6,12101,3249,8852,27%
2025/2/7,11982,3127,8855,26%
2025/2/8,12309,3372,8937,27%
2025/2/9,12369,3413,8956,28%
2025/2/10,12588,3475,9113,28%
2025/2/11,12345,3480,8865,28%
2025/2/12,12225,3469,8756,28%
2025/2/13,11207,3192,8015,28%
2025/2/14,10289,2718,7571,26%
2025/2/15,12727,3480,9247,27%
2025/2/16,13470,3665,9805,27%
2025/2/17,9924,2526,7398,25%
2025/2/18,9775,2398,7377,25%
2025/2/19,9880,2428,7452,25%
2025/2/20,10089,2641,7448,26%
2025/2/21,10355,2789,7566,27%
2025/2/22,14168,4185,9983,30%
2025/2/23,15236,4257,10979,28%
2025/2/24,9895,2265,7630,23%
2025/2/25,9977,2318,7659,23%
2025/2/26,10222,2352,7870,23%
2025/2/27,10123,2249,7874,22%
2025/2/28,10108,2338,7770,23%
2025/3/1,14239,3593,10646,25%
2025/3/2,16298,3970,12328,24%
2025/3/3,10299,2118,8181,21%
2025/3/4,10644,2189,8455,21%
2025/3/5,11159,2297,8862,21%
2025/3/6,11079,2346,8733,21%
2025/3/7,11615,2864,8751,25%
2025/3/8,16151,4205,11946,26%
2025/3/9,18625,4517,14108,24%
2025/3/10,11485,2303,9182,20%
2025/3/11,11817,2360,9457,20%
2025/3/12,12576,2456,10120,20%
2025/3/13,12547,2501,10046,20%
2025/3/14,12948,2814,10134,22%
2025/3/15,19188,4839,14349,25%
2025/3/16,21052,4740,16312,23%
2025/3/17,13358,2538,10820,19%
2025/3/18,13641,2538,11103,19%
2025/3/19,14278,2724,11554,19%
2025/3/20,14206,2772,11434,20%
2025/3/21,14052,3218,10834,23%
2025/3/22,19468,4846,14622,25%
2025/3/23,21929,5087,16842,23%
2025/3/24,13621,2812,10809,21%
2025/3/25,13528,2501,11027,18%
2025/3/26,14239,2760,11479,19%
2025/3/27,14362,2712,11650,19%
2025/3/28,14074,2949,11125,21%
2025/3/29,19960,4681,15279,23%
2025/3/30,21585,4590,16995,21%
2025/3/31,14053,2645,11408,19%
2025/4/1,14283,2659,11624,19%
2025/4/2,13714,2456,11258,18%
2025/4/3,13741,3026,10715,22%
2025/4/4,19853,4856,14997,24%
2025/4/5,21794,4785,17009,22%
2025/4/6,23563,4758,18805,20%
2025/4/7,15731,2746,12985,17%
2025/4/8,16410,2756,13654,17%
2025/4/9,16959,2877,14082,17%
2025/4/10,17260,2937,14323,17%
2025/4/11,17035,3243,13792,19%
2025/4/12,25440,5710,19730,22%
2025/4/13,29071,5791,23280,20%
2025/4/14,19509,3374,16135,17%
2025/4/15,20547,3298,17249,16%
2025/4/16,21968,3669,18299,17%
2025/4/17,21585,3580,18005,17%
2025/4/18,20070,3769,16301,19%
2025/4/19,28341,6141,22200,22%
2025/4/20,32701,6483,26218,20%
2025/4/21,21700,3278,18422,15%
2025/4/22,22151,3338,18813,15%
2025/4/23,22442,3266,19176,15%
2025/4/24,21484,3275,18209,15%
2025/4/25,19699,3329,16370,17%
2025/4/26,27093,5148,21945,19%
2025/4/27,19951,3187,16764,16%
2025/4/28,18357,2640,15717,14%
2025/4/29,16420,2215,14205,13%
2025/4/30,15854,3005,12849,19%
2025/5/1,20189,4381,15808,22%
2025/5/2,19807,3579,16228,18%
2025/5/3,19930,3144,16786,16%
2025/5/4,21143,3414,17729,16%
2025/5/5,23049,3605,19444,16%
2025/5/6,16530,2258,14272,14%
2025/5/7,18330,2468,15862,13%
2025/5/8,18680,2590,16090,14%
2025/5/9,17427,2717,14710,16%
2025/5/10,23266,4542,18724,20%
2025/5/11,26116,4482,21634,17%
2025/5/12,18133,2584,15549,14%
2025/5/13,8201,907,7294,11%
2025/5/14,1050,109,941,10%
2025/5/15,13751,2403,11348,17%
2025/5/16,17785,3075,14710,17%
2025/5/17,24889,4999,19890,20%
2025/5/18,28418,5003,23415,18%
2025/5/19,18838,2656,16182,14%
2025/5/20,19009,2436,16573,13%
2025/5/21,19514,2614,16900,13%
2025/5/22,19770,2687,17083,14%
2025/5/23,18613,2780,15833,15%
2025/5/24,24842,4406,20436,18%
2025/5/25,28942,4748,24194,16%
2025/5/26,20420,2771,17649,14%
2025/5/27,21159,2883,18276,14%
2025/5/28,21785,2962,18823,14%
2025/5/29,20672,2833,17839,14%
2025/5/30,18607,3089,15518,17%
2025/5/31,26471,5200,21271,20%
2025/6/1,26878,4649,22229,17%
2025/6/2,29630,4664,24966,16%
2025/6/3,22015,3190,18825,14%
2025/6/4,22350,3373,18977,15%
2025/6/5,22983,3853,19130,17%
2025/6/6,22698,3871,18827,17%
2025/6/7,29827,5213,24614,17%
2025/6/8,32922,5525,27397,17%
2025/6/9,27135,4253,22882,16%
2025/6/10,23760,3867,19893,16%
2025/6/11,23881,4286,19595,18%
2025/6/12,24068,4144,19924,17%
2025/6/13,22711,4032,18679,18%
2025/6/14,29410,5766,23644,20%
2025/6/15,31633,5586,26047,18%
2025/6/16,23558,3734,19824,16%
2025/6/17,24196,3906,20290,16%
2025/6/18,23520,3714,19806,16%
2025/6/19,23427,3909,19518,17%
2025/6/20,22804,3926,18878,17%
2025/6/21,30245,5911,24334,20%
2025/6/22,32862,5827,27035,18%
2025/6/23,24948,3681,21267,15%
2025/6/24,25353,3940,21413,16%
2025/6/25,25831,3991,21840,15%
2025/6/26,25021,4024,20997,16%
2025/6/27,24093,4876,19217,20%
2025/6/28,29563,6809,22754,23%
2025/6/29,30731,6103,24628,20%
2025/6/30,23518,3910,19608,17%
2025/7/1,22686,3778,18908,17%
2025/7/2,22117,3793,18324,17%
2025/7/3,20805,3802,17003,18%
2025/7/4,19980,4027,15953,20%
2025/7/5,21964,4724,17240,22%
2025/7/6,21883,4180,17703,19%
2025/7/7,18519,3286,15233,18%
2025/7/8,17507,3043,14464,17%
2025/7/9,16922,3072,13850,18%
2025/7/10,16278,3238,13040,20%
2025/7/11,15993,3413,12580,21%
2025/7/12,15175,3232,11943,21%
2025/7/13,15115,3101,12014,21%
2025/7/14,14461,2948,11513,20%
2025/7/15,13386,2493,10893,19%
2025/7/16,12633,2297,10336,18%
2025/7/17,12391,2363,10028,19%
2025/7/18,12018,2163,9855,18%
2025/7/19,11124,2005,9119,18%
2025/7/20,11489,2039,9450,18%
2025/7/21,11518,2069,9449,18%
2025/7/22,11182,2041,9141,18%
2025/7/23,11222,2030,9192,18%
2025/7/24,11278,2055,9223,18%
2025/7/25,10720,1907,8813,18%
2025/7/26,10171,1797,8374,18%
2025/7/27,9934,1701,8233,17%
2025/7/28,10719,1861,8858,17%
2025/7/29,10449,1775,8674,17%
2025/7/30,10378,1814,8564,17%
2025/7/31,10466,1753,8713,17%
2025/8/1,10346,1817,8529,18%
2025/8/2,9669,1641,8028,17%
2025/8/3,9470,1632,7838,17%
2025/8/4,10048,1724,8324,17%
2025/8/5,9994,1739,8255,17%
2025/8/6,9714,1625,8089,17%
2025/8/7,9581,1557,8024,16%
2025/8/8,9476,1596,7880,17%
2025/8/9,8836,1511,7325,17%
2025/8/10,8930,1421,7509,16%
2025/8/11,9250,1522,7728,16%
2025/8/12,9211,1449,7762,16%
2025/8/13,9229,1516,7713,16%
2025/8/14,9423,1495,7928,16%
2025/8/15,9084,1455,7629,16%
2025/8/16,8711,1365,7346,16%
2025/8/17,9078,1490,7588,16%
2025/8/18,8940,1377,7563,15%
2025/8/19,9123,1389,7734,15%
2025/8/20,9145,1441,7704,16%
2025/8/21,9387,1513,7874,16%
2025/8/22,9097,1480,7617,16%
2025/8/23,9014,1594,7420,18%
2025/8/24,9282,1556,7726,17%
2025/8/25,8948,1373,7575,15%
2025/8/26,9075,1458,7617,16%
2025/8/27,9192,1480,7712,16%
2025/8/28,9162,1591,7571,17%
2025/8/29,8842,1562,7280,18%
2025/8/30,9792,1943,7849,20%
2025/8/31,9357,1722,7635,18%
2025/9/1,6988,1162,5826,17%
2025/9/2,7370,1227,6143,17%
2025/9/3,6857,1120,5737,16%
2025/9/4,7395,1352,6043,18%
2025/9/5,7472,1417,6055,19%
2025/9/6,11117,2356,8761,21%
2025/9/7,12271,2421,9850,20%
2025/9/8,7438,1289,6149,17%
2025/9/9,7145,1208,5937,17%
2025/9/10,7228,1199,6029,17%
2025/9/11,7480,1267,6213,17%
2025/9/12,8207,1660,6547,20%
2025/9/13,12374,2684,9690,22%
2025/9/14,13325,2459,10866,18%
2025/9/15,7996,1387,6609,17%
2025/9/16,8158,1343,6815,16%
2025/9/17,8134,1332,6802,16%
2025/9/18,8117,1460,6657,18%
2025/9/19,8471,1587,6884,19%
2025/9/20,12679,2571,10108,20%
2025/9/21,14478,2596,11882,18%
2025/9/22,8705,1436,7269,16%
2025/9/23,9314,1577,7737,17%
2025/9/24,9692,1747,7945,18%
2025/9/25,9294,1617,7677,17%
2025/9/26,9355,1864,7491,20%
2025/9/27,13651,2604,11047,19%
2025/9/28,9360,1556,7804,17%
2025/9/29,8526,1378,7148,16%
2025/9/30,9775,2183,7592,22%
2025/10/1,12625,2925,9700,23%
2025/10/2,12558,2478,10080,20%
2025/10/3,12515,2195,10320,18%
2025/10/4,12781,2203,10578,17%
2025/10/5,13846,2373,11473,17%
2025/10/6,14473,2408,12065,17%
2025/10/7,16498,2814,13684,17%
2025/10/8,17596,2868,14728,16%
2025/10/9,13763,2239,11524,16%
2025/10/10,13448,2159,11289,16%
2025/10/11,13475,2652,10823,20%
2025/10/12,21619,4849,16770,22%
2025/10/13,14391,2790,11601,19%
2025/10/14,13755,2464,11291,18%
2025/10/15,13642,2452,11190,18%
2025/10/16,13502,2531,10971,19%
2025/10/17,14363,3540,10823,25%
2025/10/18,20713,5429,15284,26%
2025/10/19,20786,4044,16742,19%
2025/10/20,11936,1888,10048,16%
2025/10/21,11506,1796,9710,16%
2025/10/22,11559,1772,9787,15%
2025/10/23,11784,1995,9789,17%
2025/10/24,12342,2257,10085,18%
2025/10/25,18044,3488,14556,19%
2025/10/26,20745,3497,17248,17%
2025/10/27,13024,1955,11069,15%
2025/10/28,13097,1901,11196,15%
2025/10/29,13617,2128,11489,16%
2025/10/30,14430,2337,12093,16%
2025/10/31,14792,2788,12004,19%
2025/11/1,22421,4584,17837,20%
2025/11/2,26488,4668,21820,18%
2025/11/3,17158,2653,14505,15%
2025/11/4,18088,2675,15413,15%
2025/11/5,19371,3025,16346,16%
2025/11/6,19684,3169,16515,16%
2025/11/7,19505,3540,15965,18%
2025/11/8,28490,5728,22762,20%
2025/11/9,33111,5844,27267,18%
2025/11/10,21959,3224,18735,15%
2025/11/11,23145,3448,19697,15%
2025/11/12,24049,3799,20250,16%
2025/11/13,23071,3812,19259,17%
2025/11/14,21327,3998,17329,19%
2025/11/15,28977,6659,22318,23%
2025/11/16,31755,6333,25422,20%
2025/11/17,20388,3471,16917,17%
2025/11/18,19824,3288,16536,17%
2025/11/19,19206,3196,16010,17%
2025/11/20,18450,3187,15263,17%
2025/11/21,17447,3547,13900,20%
2025/11/22,23754,5086,18668,21%
2025/11/23,25612,4830,20782,19%
2025/11/24,16145,2609,13536,16%
2025/11/25,15495,2445,13050,16%
2025/11/26,15103,2359,12744,16%
2025/11/27,14374,2370,12004,16%
2025/11/28,14495,2592,11903,18%
2025/11/29,20648,3908,16740,19%
2025/11/30,22897,3763,19134,16%
2025/12/1,13857,1920,11937,14%
2025/12/2,13788,1938,11850,14%
2025/12/3,14628,1889,12739,13%
2025/12/4,14405,2203,12202,15%
2025/12/5,14371,2299,12072,16%
2025/12/6,20360,3443,16917,17%
2025/12/7,23574,3737,19837,16%
2025/12/8,14934,2086,12848,14%
2025/12/9,15268,2153,13115,14%
2025/12/10,15375,2349,13026,15%
2025/12/11,16296,2469,13827,15%
2025/12/12,16077,2747,13330,17%
2025/12/13,23656,4378,19278,19%
2025/12/14,26730,4292,22438,16%
2025/12/15,17379,2462,14917,14%
2025/12/16,17676,2475,15201,14%
2025/12/17,18804,2979,15825,16%
2025/12/18,18919,3049,15870,16%
2025/12/19,18283,3179,15104,17%
2025/12/20,26391,5262,21129,20%
2025/12/21,30426,5860,24566,19%
2025/12/22,20552,3243,17309,16%
2025/12/23,20533,3069,17464,15%
2025/12/24,20526,3303,17223,16%
2025/12/25,20723,3998,16725,19%
2025/12/26,20122,3912,16210,19%
2025/12/27,26487,5316,21171,20%
2025/12/28,29155,4949,24206,17%
2025/12/29,18848,2911,15937,15%
2025/12/30,16559,2283,14276,14%
2025/12/31,15017,2470,12547,16%
2026/1/1,22054,3985,18069,18%
2026/1/2,27358,4952,22406,18%
2026/1/3,30989,5395,25594,17%
2026/1/4,21786,3490,18296,16%
2026/1/5,23213,3835,19378,17%
2026/1/6,24064,4005,20059,17%
2026/1/7,25342,4482,20860,18%
2026/1/8,25628,4999,20629,20%
2026/1/9,24084,4815,19269,20%
2026/1/10,32033,6790,25243,21%
2026/1/11,37160,6793,30367,18%
2026/1/12,26331,4332,21999,16%
2026/1/13,27026,4170,22856,15%
2026/1/14,28507,5255,23252,18%
2026/1/15,28668,5222,23446,18%
2026/1/16,28278,5786,22492,20%
2026/1/17,38770,8436,30334,22%
2026/1/18,43999,8327,35672,19%
2026/1/19,30309,4805,25504,16%
2026/1/20,30876,4795,26081,16%
2026/1/21,30947,5302,25645,17%
2026/1/22,30836,5600,25236,18%
2026/1/23,29666,5968,23698,20%
2026/1/24,40933,9002,31931,22%
2026/1/25,45337,8665,36672,19%
2026/1/26,31735,4727,27008,15%
2026/1/27,31854,4536,27318,14%
2026/1/28,31571,4917,26654,16%
2026/1/29,29447,4277,25170,15%
2026/1/30,28003,5270,22733,19%
2026/1/31,33100,6901,26199,21%
2026/2/1,31908,5629,26279,18%
2026/2/2,25302,3896,21406,15%
2026/2/3,23678,3509,20169,15%
2026/2/4,22589,3320,19269,15%
2026/2/5,21337,3481,17856,16%
2026/2/6,20618,3597,17021,17%
2026/2/7,19610,3732,15878,19%
2026/2/8,18048,3391,14657,19%
2026/2/9,17186,3003,14183,17%
2026/2/10,16432,2782,13650,17%
2026/2/11,15780,2646,13134,17%
2026/2/12,15099,2609,12490,17%
2026/2/13,14099,2277,11822,16%
2026/2/14,12332,1924,10408,16%
2026/2/15,10532,1456,9076,14%
2026/2/16,6556,762,5794,12%
2026/2/17,6786,820,5966,12%
2026/2/18,8443,1116,7327,13%
2026/2/19,9838,1372,8466,14%
2026/2/20,11176,1579,9597,14%
2026/2/21,12182,1890,10292,16%
2026/2/22,13458,2115,11343,16%
2026/2/23,14756,2396,12360,16%
2026/2/24,15396,2526,12870,16%
2026/2/25,15447,2484,12963,16%
2026/2/26,15617,2520,13097,16%
2026/2/27,15385,2465,12920,16%
2026/2/28,15401,2635,12766,17%
2026/3/1,16099,2592,13507,16%
2026/3/2,14012,2239,11773,16%
2026/3/3,14115,2283,11832,16%
2026/3/4,13244,1968,11276,15%
2026/3/5,13202,1973,11229,15%
2026/3/6,12830,2203,10627,17%
2026/3/7,17677,3180,14497,18%
2026/3/8,19542,3124,16418,16%
2026/3/9,12854,1843,11011,14%
2026/3/10,12643,1726,10917,14%
2026/3/11,12762,1735,11027,14%
2026/3/12,12685,1701,10984,13%
2026/3/13,12982,2096,10886,16%
2026/3/14,18692,3195,15497,17%
2026/3/15,20613,3116,17497,15%
2026/3/16,13576,1887,11689,14%
2026/3/17,13859,1871,11988,14%
2026/3/18,13985,1765,12220,13%
2026/3/19,14013,1913,12100,14%
2026/3/20,13957,2058,11899,15%
2026/3/21,19829,3205,16624,16%
2026/3/22,22780,3268,19512,14%
2026/3/23,14920,1889,13031,13%
2026/3/24,15030,1910,13120,13%
2026/3/25,15114,1875,13239,12%
2026/3/26,15965,2133,13832,13%
2026/3/27,16053,2839,13214,18%
2026/3/28,21962,3826,18136,17%
2026/3/29,25284,3751,21533,15%
2026/3/30,17367,2196,15171,13%
2026/3/31,17306,2219,15087,13%
2026/4/1,17425,2220,15205,13%
2026/4/2,17039,2097,14942,12%
2026/4/3,16552,2458,14094,15%
2026/4/4,22010,3821,18189,17%
2026/4/5,24396,3856,20540,16%
2026/4/6,26631,3552,23079,13%
2026/4/7,18866,2212,16654,12%
2026/4/8,19396,2323,17073,12%
2026/4/9,19645,2360,17285,12%
2026/4/10,17490,2259,15231,13%
2026/4/11,26308,4228,22080,16%
2026/4/12,30767,4403,26364,14%
2026/4/13,21315,2798,18517,13%
2026/4/14,21733,2723,19010,13%
2026/4/15,21966,2738,19228,12%
2026/4/16,22450,2796,19654,12%
2026/4/17,21599,3067,18532,14%
2026/4/18,30732,5139,25593,17%
2026/4/19,36023,5236,30787,15%
2026/4/20,25054,3349,21705,13%
2026/4/21,25693,3063,22630,12%
2026/4/22,26690,3149,23541,12%
2026/4/23,26098,3276,22822,13%
2026/4/24,24525,3489,21036,14%
2026/4/25,33846,5700,28146,17%
2026/4/26,38790,5665,33125,15%
2026/4/27,27932,3366,24566,12%
2026/4/28,26395,3010,23385,11%
2026/4/29,23007,2896,20111,13%
2026/4/30,21461,3533,17928,16%
2026/5/1,25999,4723,21276,18%
2026/5/2,26624,4123,22501,15%
2026/5/3,26278,3555,22723,14%
2026/5/4,27123,3558,23565,13%
2026/5/5,29430,3714,25716,13%
2026/5/6,23934,2778,21156,12%
2026/5/7,25222,3066,22156,12%
2026/5/8,24411,3032,21379,12%
2026/5/9,23666,3534,20132,15%
2026/5/10,34111,5398,28713,16%
2026/5/11,24470,3219,21251,13%
2026/5/12,24277,3059,21218,13%
2026/5/13,23911,3018,20893,13%
