week_start,week_end,channel_name,new_user_uv
2026/1/1,2026/1/7,APP,25202
2026/1/1,2026/1/7,瀛﹂敓鏂ゆ嫹,2433
2026/1/1,2026/1/7,閿熸枻鎷烽敓鏂ゆ嫹閿熸枻鎷烽敓鏂ゆ嫹閿熻剼搴曡鎷烽敓鏂ゆ嫹閽?,1242
2026/1/1,2026/1/7,閿熸枻鎷烽敓鏂ゆ嫹閿熸枻鎷烽敓鏂ゆ嫹,691
2026/1/1,2026/1/7,閿熸枻鎷烽敓鏂ゆ嫹閿熸枻鎷烽敓鏂ゆ嫹璇ら敓鏂ゆ嫹閿熸枻鎷锋病閿熸枻鎷烽敓鏂ゆ嫹閿?,301
2026/1/1,2026/1/7,閿熸枻鎷烽敓鏂ゆ嫹閿熸枻鎷烽敓鏂ゆ嫹璇よ鎾為敓鏂ゆ嫹閿熻剼?,164
2026/1/1,2026/1/7,灏忛敓鏂ゆ嫹閿熸枻鎷烽〉banner,75
2026/1/1,2026/1/7,閿熸枻鎷烽敓鏂ゆ嫹閿熸枻鎷烽敓鏂ゆ嫹閿熸枻鎷烽敓鏂ゆ嫹閿熺煫浼欐嫹閿熸枻鎷烽敓鏂ゆ嫹,20
2026/1/1,2026/1/7,閿熸枻鎷峰钩閿熸枻鎷烽敓瑙掕揪鎷烽敓鏂ゆ嫹鎭敓鐙＄》鎷烽敓鏂ゆ嫹閿熺潾鐧告嫹鍙?,9
2026/1/1,2026/1/7,灏忛敓鏂ゆ嫹閿熸枻鎷烽敓鏂ゆ嫹閿熸枻鎷烽敓?,6
2026/1/1,2026/1/7,閿熸枻鎷烽敓鏂ゆ嫹閿熸枻鎷烽敓鏂ゆ嫹,1
2026/1/8,2026/1/14,APP,32538
2026/1/8,2026/1/14,瀛﹂敓鏂ゆ嫹,1871
2026/1/8,2026/1/14,閿熸枻鎷烽敓鏂ゆ嫹閿熸枻鎷烽敓鏂ゆ嫹閿熻剼搴曡鎷烽敓鏂ゆ嫹閽?,1387
2026/1/8,2026/1/14,閿熸枻鎷烽敓鏂ゆ嫹閿熸枻鎷烽敓鏂ゆ嫹,881
2026/1/8,2026/1/14,閿熸枻鎷烽敓鏂ゆ嫹閿熸枻鎷烽敓鏂ゆ嫹璇よ鎾為敓鏂ゆ嫹閿熻剼?,179
2026/1/8,2026/1/14,閿熸枻鎷烽敓鏂ゆ嫹閿熸枻鎷烽敓鏂ゆ嫹璇ら敓鏂ゆ嫹閿熸枻鎷锋病閿熸枻鎷烽敓鏂ゆ嫹閿?,117
2026/1/8,2026/1/14,灏忛敓鏂ゆ嫹閿熸枻鎷烽〉banner,94
2026/1/8,2026/1/14,閿熸枻鎷烽敓鏂ゆ嫹閿熸枻鎷烽敓鏂ゆ嫹,44
2026/1/8,2026/1/14,閿熸枻鎷烽敓鏂ゆ嫹閿熸枻鎷烽敓鏂ゆ嫹閿熸枻鎷烽敓鏂ゆ嫹閿熺煫浼欐嫹閿熸枻鎷烽敓鏂ゆ嫹,30
2026/1/8,2026/1/14,閿熸枻鎷峰钩閿熸枻鎷烽敓瑙掕揪鎷烽敓鏂ゆ嫹鎭敓鐙＄》鎷烽敓鏂ゆ嫹閿熺潾鐧告嫹鍙?,12
2026/1/8,2026/1/14,灏忛敓鏂ゆ嫹閿熸枻鎷烽敓鏂ゆ嫹閿熸枻鎷烽敓?,1
2026/1/15,2026/1/21,APP,38453
2026/1/15,2026/1/21,閿熸枻鎷烽敓鏂ゆ嫹閿熸枻鎷烽敓鏂ゆ嫹,2133
2026/1/15,2026/1/21,閿熸枻鎷烽敓鏂ゆ嫹閿熸枻鎷烽敓鏂ゆ嫹閿熻剼搴曡鎷烽敓鏂ゆ嫹閽?,1257
2026/1/15,2026/1/21,瀛﹂敓鏂ゆ嫹,359
2026/1/15,2026/1/21,閿熸枻鎷烽敓鏂ゆ嫹閿熸枻鎷烽敓鏂ゆ嫹璇よ鎾為敓鏂ゆ嫹閿熻剼?,206
2026/1/15,2026/1/21,閿熸枻鎷烽敓鏂ゆ嫹閿熸枻鎷烽敓鏂ゆ嫹璇ら敓鏂ゆ嫹閿熸枻鎷锋病閿熸枻鎷烽敓鏂ゆ嫹閿?,122
2026/1/15,2026/1/21,灏忛敓鏂ゆ嫹閿熸枻鎷烽〉banner,94
2026/1/15,2026/1/21,閿熸枻鎷烽敓鏂ゆ嫹閿熸枻鎷烽敓鏂ゆ嫹閿熸枻鎷烽敓鏂ゆ嫹閿熺煫浼欐嫹閿熸枻鎷烽敓鏂ゆ嫹,23
2026/1/15,2026/1/21,灏忛敓鏂ゆ嫹閿熸枻鎷烽敓鏂ゆ嫹閿熸枻鎷烽敓?,11
2026/1/15,2026/1/21,閿熸枻鎷峰钩閿熸枻鎷烽敓瑙掕揪鎷烽敓鏂ゆ嫹鎭敓鐙＄》鎷烽敓鏂ゆ嫹閿熺潾鐧告嫹鍙?,10
2026/1/15,2026/1/21,閿熸枻鎷烽敓鏂ゆ嫹閿熸枻鎷烽敓鏂ゆ嫹,4
2026/1/15,2026/1/21,閿熸枻鎷烽敓鏂ゆ嫹閿熸枻鎷烽敓鏂ゆ嫹璇ら敓鏂ゆ嫹閿熸枻鎷烽敓?i),1
2026/1/22,2026/1/28,APP,39670
2026/1/22,2026/1/28,閿熸枻鎷烽敓鏂ゆ嫹閿熸枻鎷烽敓鏂ゆ嫹,2088
2026/1/22,2026/1/28,閿熸枻鎷烽敓鏂ゆ嫹閿熸枻鎷烽敓鏂ゆ嫹閿熻剼搴曡鎷烽敓鏂ゆ嫹閽?,1066
2026/1/22,2026/1/28,閿熸枻鎷烽敓鏂ゆ嫹閿熸枻鎷烽敓鏂ゆ嫹璇よ鎾為敓鏂ゆ嫹閿熻剼?,235
2026/1/22,2026/1/28,閿熸枻鎷烽敓鏂ゆ嫹閿熸枻鎷烽敓鏂ゆ嫹璇ら敓鏂ゆ嫹閿熸枻鎷锋病閿熸枻鎷烽敓鏂ゆ嫹閿?,121
2026/1/22,2026/1/28,瀛﹂敓鏂ゆ嫹,98
2026/1/22,2026/1/28,灏忛敓鏂ゆ嫹閿熸枻鎷烽〉banner,87
2026/1/22,2026/1/28,閿熸枻鎷峰钩閿熸枻鎷烽敓瑙掕揪鎷烽敓鏂ゆ嫹鎭敓鐙＄》鎷烽敓鏂ゆ嫹閿熺潾鐧告嫹鍙?,21
2026/1/22,2026/1/28,閿熸枻鎷烽敓鏂ゆ嫹閿熸枻鎷烽敓鏂ゆ嫹閿熸枻鎷烽敓鏂ゆ嫹閿熺煫浼欐嫹閿熸枻鎷烽敓鏂ゆ嫹,12
2026/1/22,2026/1/28,灏忛敓鏂ゆ嫹閿熸枻鎷烽敓鏂ゆ嫹閿熸枻鎷烽敓?,9
2026/1/22,2026/1/28,閿熸枻鎷烽敓鏂ゆ嫹閿熸枻鎷烽敓鏂ゆ嫹,7
2026/1/22,2026/1/28,閿熸枻鎷烽敓鏂ゆ嫹閿熸枻鎷烽敓鏂ゆ嫹,1
2026/1/29,2026/2/4,APP,30606
2026/1/29,2026/2/4,閿熸枻鎷烽敓鏂ゆ嫹閿熸枻鎷烽敓鏂ゆ嫹,837
2026/1/29,2026/2/4,閿熸枻鎷烽敓鏂ゆ嫹閿熸枻鎷烽敓鏂ゆ嫹閿熻剼搴曡鎷烽敓鏂ゆ嫹閽?,810
2026/1/29,2026/2/4,閿熸枻鎷峰钩閿熸枻鎷烽敓瑙掕揪鎷烽敓鏂ゆ嫹鎭敓鐙＄》鎷烽敓鏂ゆ嫹閿熺潾鐧告嫹鍙?,169
2026/1/29,2026/2/4,閿熸枻鎷烽敓鏂ゆ嫹閿熸枻鎷烽敓鏂ゆ嫹璇よ鎾為敓鏂ゆ嫹閿熻剼?,158
2026/1/29,2026/2/4,瀛﹂敓鏂ゆ嫹,77
2026/1/29,2026/2/4,灏忛敓鏂ゆ嫹閿熸枻鎷烽〉banner,68
2026/1/29,2026/2/4,閿熸枻鎷烽敓鏂ゆ嫹閿熸枻鎷烽敓鏂ゆ嫹璇ら敓鏂ゆ嫹閿熸枻鎷锋病閿熸枻鎷烽敓鏂ゆ嫹閿?,55
2026/1/29,2026/2/4,閿熸枻鎷烽敓鏂ゆ嫹閿熸枻鎷烽敓鏂ゆ嫹閿熸枻鎷烽敓鏂ゆ嫹閿熺煫浼欐嫹閿熸枻鎷烽敓鏂ゆ嫹,17
2026/1/29,2026/2/4,灏忛敓鏂ゆ嫹閿熸枻鎷烽敓鏂ゆ嫹閿熸枻鎷烽敓?,5
2026/2/5,2026/2/11,APP,20901
2026/2/5,2026/2/11,閿熸枻鎷烽敓鏂ゆ嫹閿熸枻鎷烽敓鏂ゆ嫹閿熻剼搴曡鎷烽敓鏂ゆ嫹閽?,723
2026/2/5,2026/2/11,閿熸枻鎷烽敓鏂ゆ嫹閿熸枻鎷烽敓鏂ゆ嫹,557
2026/2/5,2026/2/11,閿熸枻鎷烽敓鏂ゆ嫹閿熸枻鎷烽敓鏂ゆ嫹璇よ鎾為敓鏂ゆ嫹閿熻剼?,125
2026/2/5,2026/2/11,閿熸枻鎷峰钩閿熸枻鎷烽敓瑙掕揪鎷烽敓鏂ゆ嫹鎭敓鐙＄》鎷烽敓鏂ゆ嫹閿熺潾鐧告嫹鍙?,90
2026/2/5,2026/2/11,瀛﹂敓鏂ゆ嫹,87
2026/2/5,2026/2/11,閿熸枻鎷烽敓鏂ゆ嫹閿熸枻鎷烽敓鏂ゆ嫹璇ら敓鏂ゆ嫹閿熸枻鎷锋病閿熸枻鎷烽敓鏂ゆ嫹閿?,83
2026/2/5,2026/2/11,灏忛敓鏂ゆ嫹閿熸枻鎷烽〉banner,42
2026/2/5,2026/2/11,閿熸枻鎷烽敓鏂ゆ嫹閿熸枻鎷烽敓鏂ゆ嫹閿熸枻鎷烽敓鏂ゆ嫹閿熺煫浼欐嫹閿熸枻鎷烽敓鏂ゆ嫹,23
2026/2/5,2026/2/11,灏忛敓鏂ゆ嫹閿熸枻鎷烽敓鏂ゆ嫹閿熸枻鎷烽敓?,1
2026/2/12,2026/2/18,APP,10166
2026/2/12,2026/2/18,閿熸枻鎷烽敓鏂ゆ嫹閿熸枻鎷烽敓鏂ゆ嫹,335
2026/2/12,2026/2/18,閿熸枻鎷烽敓鏂ゆ嫹閿熸枻鎷烽敓鏂ゆ嫹閿熻剼搴曡鎷烽敓鏂ゆ嫹閽?,295
2026/2/12,2026/2/18,閿熸枻鎷烽敓鏂ゆ嫹閿熸枻鎷烽敓鏂ゆ嫹璇よ鎾為敓鏂ゆ嫹閿熻剼?,55
2026/2/12,2026/2/18,瀛﹂敓鏂ゆ嫹,42
2026/2/12,2026/2/18,閿熸枻鎷烽敓鏂ゆ嫹閿熸枻鎷烽敓鏂ゆ嫹璇ら敓鏂ゆ嫹閿熸枻鎷锋病閿熸枻鎷烽敓鏂ゆ嫹閿?,38
2026/2/12,2026/2/18,灏忛敓鏂ゆ嫹閿熸枻鎷烽〉banner,15
2026/2/12,2026/2/18,閿熸枻鎷烽敓鏂ゆ嫹閿熸枻鎷烽敓鏂ゆ嫹閿熸枻鎷烽敓鏂ゆ嫹閿熺煫浼欐嫹閿熸枻鎷烽敓鏂ゆ嫹,8
2026/2/12,2026/2/18,閿熸枻鎷峰钩閿熸枻鎷烽敓瑙掕揪鎷烽敓鏂ゆ嫹鎭敓鐙＄》鎷烽敓鏂ゆ嫹閿熺潾鐧告嫹鍙?,6
2026/2/12,2026/2/18,灏忛敓鏂ゆ嫹閿熸枻鎷烽敓鏂ゆ嫹閿熸枻鎷烽敓?,2
2026/2/12,2026/2/18,閿熸枻鎷烽敓鏂ゆ嫹閿熸枻鎷烽敓鏂ゆ嫹,1
2026/2/12,2026/2/18,閿熸枻鎷烽敓鏂ゆ嫹閿熸枻鎷烽敓鏂ゆ嫹,1
2026/2/19,2026/2/25,APP,13163
2026/2/19,2026/2/25,閿熸枻鎷烽敓鏂ゆ嫹閿熸枻鎷烽敓鏂ゆ嫹,527
2026/2/19,2026/2/25,閿熸枻鎷烽敓鏂ゆ嫹閿熸枻鎷烽敓鏂ゆ嫹閿熻剼搴曡鎷烽敓鏂ゆ嫹閽?,411
2026/2/19,2026/2/25,瀛﹂敓鏂ゆ嫹,91
2026/2/19,2026/2/25,閿熸枻鎷烽敓鏂ゆ嫹閿熸枻鎷烽敓鏂ゆ嫹璇よ鎾為敓鏂ゆ嫹閿熻剼?,69
2026/2/19,2026/2/25,閿熸枻鎷烽敓鏂ゆ嫹閿熸枻鎷烽敓鏂ゆ嫹璇ら敓鏂ゆ嫹閿熸枻鎷锋病閿熸枻鎷烽敓鏂ゆ嫹閿?,61
2026/2/19,2026/2/25,灏忛敓鏂ゆ嫹閿熸枻鎷烽〉banner,28
2026/2/19,2026/2/25,閿熸枻鎷峰钩閿熸枻鎷烽敓瑙掕揪鎷烽敓鏂ゆ嫹鎭敓鐙＄》鎷烽敓鏂ゆ嫹閿熺潾鐧告嫹鍙?,8
2026/2/19,2026/2/25,閿熸枻鎷烽敓鏂ゆ嫹閿熸枻鎷烽敓鏂ゆ嫹閿熸枻鎷烽敓鏂ゆ嫹閿熺煫浼欐嫹閿熸枻鎷烽敓鏂ゆ嫹,4
2026/2/26,2026/3/4,APP,15100
2026/2/26,2026/3/4,閿熸枻鎷烽敓鏂ゆ嫹閿熸枻鎷烽敓鏂ゆ嫹,678
2026/2/26,2026/3/4,閿熸枻鎷烽敓鏂ゆ嫹閿熸枻鎷烽敓鏂ゆ嫹閿熻剼搴曡鎷烽敓鏂ゆ嫹閽?,596
2026/2/26,2026/3/4,瀛﹂敓鏂ゆ嫹,139
2026/2/26,2026/3/4,閿熸枻鎷烽敓鏂ゆ嫹閿熸枻鎷烽敓鏂ゆ嫹璇よ鎾為敓鏂ゆ嫹閿熻剼?,77
2026/2/26,2026/3/4,灏忛敓鏂ゆ嫹閿熸枻鎷烽〉banner,51
2026/2/26,2026/3/4,閿熸枻鎷烽敓鏂ゆ嫹閿熸枻鎷烽敓鏂ゆ嫹璇ら敓鏂ゆ嫹閿熸枻鎷锋病閿熸枻鎷烽敓鏂ゆ嫹閿?,28
2026/2/26,2026/3/4,閿熸枻鎷峰钩閿熸枻鎷烽敓瑙掕揪鎷烽敓鏂ゆ嫹鎭敓鐙＄》鎷烽敓鏂ゆ嫹閿熺潾鐧告嫹鍙?,15
2026/2/26,2026/3/4,閿熸枻鎷烽敓鏂ゆ嫹閿熸枻鎷烽敓鏂ゆ嫹閿熸枻鎷烽敓鏂ゆ嫹閿熺煫浼欐嫹閿熸枻鎷烽敓鏂ゆ嫹,12
2026/2/26,2026/3/4,灏忛敓鏂ゆ嫹閿熸枻鎷烽敓鏂ゆ嫹閿熸枻鎷烽敓?,2
2026/2/26,2026/3/4,閿熸枻鎷烽敓鏂ゆ嫹閿熸枻鎷烽敓鏂ゆ嫹,2
2026/2/26,2026/3/4,閿熸枻鎷烽敓鏂ゆ嫹閿熸枻鎷烽敓鏂ゆ嫹璇ら敓鏂ゆ嫹閿熸枻鎷烽敓?i),1
2026/2/26,2026/3/4,閿熸枻鎷烽敓鏂ゆ嫹閿熸枻鎷烽敓鏂ゆ嫹,1
2026/3/5,2026/3/11,APP,14185
2026/3/5,2026/3/11,閿熸枻鎷烽敓鏂ゆ嫹閿熸枻鎷烽敓鏂ゆ嫹閿熻剼搴曡鎷烽敓鏂ゆ嫹閽?,701
2026/3/5,2026/3/11,閿熸枻鎷烽敓鏂ゆ嫹閿熸枻鎷烽敓鏂ゆ嫹,535
2026/3/5,2026/3/11,瀛﹂敓鏂ゆ嫹,176
2026/3/5,2026/3/11,閿熸枻鎷烽敓鏂ゆ嫹閿熸枻鎷烽敓鏂ゆ嫹璇よ鎾為敓鏂ゆ嫹閿熻剼?,106
2026/3/5,2026/3/11,灏忛敓鏂ゆ嫹閿熸枻鎷烽〉banner,50
2026/3/5,2026/3/11,閿熸枻鎷烽敓鏂ゆ嫹閿熸枻鎷烽敓鏂ゆ嫹璇ら敓鏂ゆ嫹閿熸枻鎷锋病閿熸枻鎷烽敓鏂ゆ嫹閿?,16
2026/3/5,2026/3/11,閿熸枻鎷峰钩閿熸枻鎷烽敓瑙掕揪鎷烽敓鏂ゆ嫹鎭敓鐙＄》鎷烽敓鏂ゆ嫹閿熺潾鐧告嫹鍙?,7
2026/3/5,2026/3/11,閿熸枻鎷烽敓鏂ゆ嫹閿熸枻鎷烽敓鏂ゆ嫹閿熸枻鎷烽敓鏂ゆ嫹閿熺煫浼欐嫹閿熸枻鎷烽敓鏂ゆ嫹,2
2026/3/5,2026/3/11,灏忛敓鏂ゆ嫹閿熸枻鎷烽敓鏂ゆ嫹閿熸枻鎷烽敓?,2
2026/3/5,2026/3/11,閿熸枻鎷烽敓鏂ゆ嫹閿熸枻鎷烽敓鏂ゆ嫹璇ら敓鏂ゆ嫹閿熸枻鎷烽敓?i),2
2026/3/5,2026/3/11,灞遍敓鏂ゆ嫹閿熼叺鏂ゆ嫹閿熸枻鎷?,1
2026/3/5,2026/3/11,閿熸枻鎷烽敓鏂ゆ嫹閿熸枻鎷烽敓鏂ゆ嫹,1
2026/3/12,2026/3/18,APP,13808
2026/3/12,2026/3/18,閿熸枻鎷烽敓鏂ゆ嫹閿熸枻鎷烽敓鏂ゆ嫹閿熻剼搴曡鎷烽敓鏂ゆ嫹閽?,841
2026/3/12,2026/3/18,閿熸枻鎷烽敓鏂ゆ嫹閿熸枻鎷烽敓鏂ゆ嫹,560
2026/3/12,2026/3/18,瀛﹂敓鏂ゆ嫹,190
2026/3/12,2026/3/18,閿熸枻鎷烽敓鏂ゆ嫹閿熸枻鎷烽敓鏂ゆ嫹璇よ鎾為敓鏂ゆ嫹閿熻剼?,94
2026/3/12,2026/3/18,閿熸枻鎷烽敓鏂ゆ嫹閿熸枻鎷烽敓鏂ゆ嫹璇ら敓鏂ゆ嫹閿熸枻鎷锋病閿熸枻鎷烽敓鏂ゆ嫹閿?,67
2026/3/12,2026/3/18,灏忛敓鏂ゆ嫹閿熸枻鎷烽〉banner,39
2026/3/12,2026/3/18,閿熸枻鎷峰钩閿熸枻鎷烽敓瑙掕揪鎷烽敓鏂ゆ嫹鎭敓鐙＄》鎷烽敓鏂ゆ嫹閿熺潾鐧告嫹鍙?,20
2026/3/12,2026/3/18,閿熸枻鎷烽敓鏂ゆ嫹閿熸枻鎷烽敓鏂ゆ嫹閿熸枻鎷烽敓鏂ゆ嫹閿熺煫浼欐嫹閿熸枻鎷烽敓鏂ゆ嫹,7
2026/3/12,2026/3/18,灏忛敓鏂ゆ嫹閿熸枻鎷烽敓鏂ゆ嫹閿熸枻鎷烽敓?,4
2026/3/12,2026/3/18,閿熸枻鎷烽敓鏂ゆ嫹閿熸枻鎷烽敓鏂ゆ嫹,1
2026/3/19,2026/3/25,APP,14475
2026/3/19,2026/3/25,閿熸枻鎷烽敓鏂ゆ嫹閿熸枻鎷烽敓鏂ゆ嫹閿熻剼搴曡鎷烽敓鏂ゆ嫹閽?,659
2026/3/19,2026/3/25,閿熸枻鎷烽敓鏂ゆ嫹閿熸枻鎷烽敓鏂ゆ嫹,561
2026/3/19,2026/3/25,瀛﹂敓鏂ゆ嫹,172
2026/3/19,2026/3/25,閿熸枻鎷烽敓鏂ゆ嫹閿熸枻鎷烽敓鏂ゆ嫹璇よ鎾為敓鏂ゆ嫹閿熻剼?,108
2026/3/19,2026/3/25,灞遍敓鏂ゆ嫹閿熼叺鏂ゆ嫹閿熸枻鎷?,45
2026/3/19,2026/3/25,灏忛敓鏂ゆ嫹閿熸枻鎷烽〉banner,43
2026/3/19,2026/3/25,閿熸枻鎷烽敓鏂ゆ嫹閿熸枻鎷烽敓鏂ゆ嫹璇ら敓鏂ゆ嫹閿熸枻鎷锋病閿熸枻鎷烽敓鏂ゆ嫹閿?,37
2026/3/19,2026/3/25,閿熸枻鎷烽敓鏂ゆ嫹閿熸枻鎷烽敓鏂ゆ嫹閿熸枻鎷烽敓鏂ゆ嫹閿熺煫浼欐嫹閿熸枻鎷烽敓鏂ゆ嫹,9
2026/3/19,2026/3/25,閿熸枻鎷峰钩閿熸枻鎷烽敓瑙掕揪鎷烽敓鏂ゆ嫹鎭敓鐙＄》鎷烽敓鏂ゆ嫹閿熺潾鐧告嫹鍙?,4
2026/3/19,2026/3/25,閿熸枻鎷烽敓绉稿嚖鎷峰惍閿熸枻鎷烽敓鏂ゆ嫹閿熸枻鎷峰ú顐€鏂ゆ嫹閿熸枻鎷疯柊閿熷壙?,2
2026/3/19,2026/3/25,閿熸枻鎷烽敓鏂ゆ嫹閿熸枻鎷烽敓鏂ゆ嫹,2
2026/3/19,2026/3/25,灏忛敓鏂ゆ嫹閿熸枻鎷烽敓鏂ゆ嫹閿熸枻鎷烽敓?,1
2026/3/26,2026/4/1,APP,17423
2026/3/26,2026/4/1,閿熸枻鎷烽敓鏂ゆ嫹閿熸枻鎷烽敓鏂ゆ嫹閿熻剼搴曡鎷烽敓鏂ゆ嫹閽?,770
2026/3/26,2026/4/1,閿熸枻鎷烽敓鏂ゆ嫹閿熸枻鎷烽敓鏂ゆ嫹,574
2026/3/26,2026/4/1,瀛﹂敓鏂ゆ嫹,161
2026/3/26,2026/4/1,閿熸枻鎷烽敓鏂ゆ嫹閿熸枻鎷烽敓鏂ゆ嫹璇よ鎾為敓鏂ゆ嫹閿熻剼?,125
2026/3/26,2026/4/1,灞遍敓鏂ゆ嫹閿熼叺鏂ゆ嫹閿熸枻鎷?,44
2026/3/26,2026/4/1,灏忛敓鏂ゆ嫹閿熸枻鎷烽〉banner,35
2026/3/26,2026/4/1,閿熸枻鎷烽敓鏂ゆ嫹閿熸枻鎷烽敓鏂ゆ嫹璇ら敓鏂ゆ嫹閿熸枻鎷锋病閿熸枻鎷烽敓鏂ゆ嫹閿?,26
2026/3/26,2026/4/1,閿熸枻鎷峰钩閿熸枻鎷烽敓瑙掕揪鎷烽敓鏂ゆ嫹鎭敓鐙＄》鎷烽敓鏂ゆ嫹閿熺潾鐧告嫹鍙?,13
2026/3/26,2026/4/1,閿熸枻鎷烽敓鏂ゆ嫹閿熸枻鎷烽敓鏂ゆ嫹閿熸枻鎷烽敓鏂ゆ嫹閿熺煫浼欐嫹閿熸枻鎷烽敓鏂ゆ嫹,9
2026/3/26,2026/4/1,閿熸枻鎷烽敓鏂ゆ嫹閿熸枻鎷烽敓鏂ゆ嫹璇ら敓鏂ゆ嫹閿熸枻鎷烽敓?i),2
2026/3/26,2026/4/1,灏忛敓鏂ゆ嫹閿熸枻鎷烽敓鏂ゆ嫹閿熸枻鎷烽敓?,2
2026/4/2,2026/4/8,APP,18357
2026/4/2,2026/4/8,閿熸枻鎷烽敓鏂ゆ嫹閿熸枻鎷烽敓鏂ゆ嫹,745
2026/4/2,2026/4/8,閿熸枻鎷烽敓鏂ゆ嫹閿熸枻鎷烽敓鏂ゆ嫹閿熻剼搴曡鎷烽敓鏂ゆ嫹閽?,726
2026/4/2,2026/4/8,瀛﹂敓鏂ゆ嫹,199
2026/4/2,2026/4/8,閿熸枻鎷烽敓鏂ゆ嫹閿熸枻鎷烽敓鏂ゆ嫹璇よ鎾為敓鏂ゆ嫹閿熻剼?,170
2026/4/2,2026/4/8,灏忛敓鏂ゆ嫹閿熸枻鎷烽〉banner,34
2026/4/2,2026/4/8,灞遍敓鏂ゆ嫹閿熼叺鏂ゆ嫹閿熸枻鎷?,34
2026/4/2,2026/4/8,閿熸枻鎷烽敓鏂ゆ嫹閿熸枻鎷烽敓鏂ゆ嫹璇ら敓鏂ゆ嫹閿熸枻鎷锋病閿熸枻鎷烽敓鏂ゆ嫹閿?,23
2026/4/2,2026/4/8,閿熸枻鎷烽敓鏂ゆ嫹閿熸枻鎷烽敓鏂ゆ嫹閿熸枻鎷烽敓鏂ゆ嫹閿熺煫浼欐嫹閿熸枻鎷烽敓鏂ゆ嫹,8
2026/4/2,2026/4/8,閿熸枻鎷烽敓鏂ゆ嫹閿熷彨鏂ゆ嫹濮?閿熸枻鎷峰皬瀛?,7
2026/4/2,2026/4/8,閿熸枻鎷峰钩閿熸枻鎷烽敓瑙掕揪鎷烽敓鏂ゆ嫹鎭敓鐙＄》鎷烽敓鏂ゆ嫹閿熺潾鐧告嫹鍙?,7
2026/4/2,2026/4/8,閿熸枻鎷烽敓鎹疯揪鎷峰閿熸枻鎷烽敓鏂ゆ嫹閿熸枻鎷烽敓鏂ゆ嫹閿熸枻鎷烽敓?,5
2026/4/2,2026/4/8,閿熸枻鎷烽敓鏂ゆ嫹閿熸枻鎷烽敓鏂ゆ嫹璇ら敓鏂ゆ嫹閿熸枻鎷烽敓?i),2
2026/4/2,2026/4/8,閿熸枻鎷烽敓鏂ゆ嫹閿熸枻鎷烽敓鏂ゆ嫹,1
2026/4/2,2026/4/8,灏忛敓鏂ゆ嫹閿熸枻鎷烽敓鏂ゆ嫹閿熸枻鎷烽敓?,1
2026/4/9,2026/4/15,APP,19422
2026/4/9,2026/4/15,閿熸枻鎷烽敓鏂ゆ嫹閿熸枻鎷烽敓鏂ゆ嫹閿熻剼搴曡鎷烽敓鏂ゆ嫹閽?,938
2026/4/9,2026/4/15,閿熸枻鎷烽敓鏂ゆ嫹閿熸枻鎷烽敓鏂ゆ嫹,664
2026/4/9,2026/4/15,瀛﹂敓鏂ゆ嫹,195
2026/4/9,2026/4/15,閿熸枻鎷烽敓鏂ゆ嫹閿熸枻鎷烽敓鏂ゆ嫹璇よ鎾為敓鏂ゆ嫹閿熻剼?,138
2026/4/9,2026/4/15,灏忛敓鏂ゆ嫹閿熸枻鎷烽〉banner,45
2026/4/9,2026/4/15,閿熸枻鎷烽敓鏂ゆ嫹閿熸枻鎷烽敓鏂ゆ嫹璇ら敓鏂ゆ嫹閿熸枻鎷锋病閿熸枻鎷烽敓鏂ゆ嫹閿?,33
2026/4/9,2026/4/15,灞遍敓鏂ゆ嫹閿熼叺鏂ゆ嫹閿熸枻鎷?,26
2026/4/9,2026/4/15,閿熸枻鎷峰钩閿熸枻鎷烽敓瑙掕揪鎷烽敓鏂ゆ嫹鎭敓鐙＄》鎷烽敓鏂ゆ嫹閿熺潾鐧告嫹鍙?,24
2026/4/9,2026/4/15,閿熸枻鎷烽敓鏂ゆ嫹閿熸枻鎷烽敓鏂ゆ嫹閿熸枻鎷烽敓鏂ゆ嫹閿熺煫浼欐嫹閿熸枻鎷烽敓鏂ゆ嫹,7
2026/4/9,2026/4/15,灏忛敓鏂ゆ嫹閿熸枻鎷烽敓鏂ゆ嫹閿熸枻鎷烽敓?,6
2026/4/9,2026/4/15,閿熸枻鎷烽敓鏂ゆ嫹閿熸枻鎷烽敓鏂ゆ嫹璇ら敓鏂ゆ嫹閿熸枻鎷烽敓?i),4
2026/4/9,2026/4/15,閿熸枻鎷烽敓鎹疯揪鎷峰閿熸枻鎷烽敓鏂ゆ嫹閿熸枻鎷烽敓鏂ゆ嫹閿熸枻鎷烽敓?,4
2026/4/9,2026/4/15,閿熸枻鎷烽敓鏂ゆ嫹閿熷彨鏂ゆ嫹濮?閿熸枻鎷峰皬瀛?,3