dt,pv,uv
2026/1/1,1153437,22054
2026/1/2,1457180,27358
2026/1/3,1636961,30989
2026/1/4,1137671,21786
2026/1/5,1243142,23213
2026/1/6,1277265,24064
2026/1/7,1320988,25342
2026/1/8,1328705,25628
2026/1/9,1219274,24084
2026/1/10,1781369,32033
2026/1/11,2057963,37160
2026/1/12,1331335,26331
2026/1/13,1375611,27026
2026/1/14,1453137,28507
2026/1/15,1458441,28668
2026/1/16,1454862,28278
2026/1/17,2172703,38770
2026/1/18,2438642,43999
2026/1/19,1558891,30309
2026/1/20,1597963,30876
2026/1/21,1581733,30947
2026/1/22,1540363,30836
2026/1/23,1485438,29666
2026/1/24,2337419,40933
2026/1/25,2527268,45337
2026/1/26,1668206,31735
2026/1/27,1725614,31854
2026/1/28,1720807,31571
2026/1/29,1618363,29447
2026/1/30,1462627,28003
2026/1/31,1823498,33100
2026/2/1,1706152,31908
2026/2/2,1293841,25302
2026/2/3,1184269,23678
2026/2/4,1069951,22589
2026/2/5,1004661,21337
2026/2/6,895272,20618
2026/2/7,699339,19610
2026/2/8,623541,18048
2026/2/9,594236,17186
2026/2/10,564325,16432
2026/2/11,534030,15780
2026/2/12,514002,15099
2026/2/13,468180,14099
2026/2/14,414274,12332
2026/2/15,356790,10532
2026/2/16,204924,6556
2026/2/17,214175,6786
2026/2/18,278750,8443
2026/2/19,339133,9838
2026/2/20,400675,11176
2026/2/21,432670,12182
2026/2/22,468402,13458
2026/2/23,537572,14756
2026/2/24,553513,15396
2026/2/25,537850,15447
