dt,pv,uv
2026/1/1,1153437,22054
2026/1/2,1457180,27358
2026/1/3,1636961,30989
2026/1/4,1137671,21786
2026/1/5,1243142,23213
2026/1/6,1277265,24064
2026/1/7,1320988,25342
2026/1/8,1328705,25628
2026/1/9,1219274,24084
2026/1/10,1781369,32033
2026/1/11,2057963,37160
2026/1/12,1331335,26331
2026/1/13,1375611,27026
2026/1/14,1453137,28507
2026/1/15,1458441,28668
2026/1/16,1454862,28278
2026/1/17,2172703,38770
2026/1/18,2438642,43999
2026/1/19,1558891,30309
2026/1/20,1597963,30876
2026/1/21,1581733,30947
2026/1/22,1540363,30836
2026/1/23,1485438,29666
2026/1/24,2337419,40933
2026/1/25,2527268,45337
2026/1/26,1668206,31735
2026/1/27,1725614,31854
2026/1/28,1720807,31571
2026/1/29,1618363,29447
2026/1/30,1462627,28003
2026/1/31,1823498,33100
2026/2/1,1706152,31908
2026/2/2,1293841,25302
2026/2/3,1184269,23678
2026/2/4,1069951,22589
2026/2/5,1004661,21337
2026/2/6,895272,20618
2026/2/7,699339,19610
2026/2/8,623541,18048
2026/2/9,594236,17186
2026/2/10,564325,16432
2026/2/11,534030,15780
2026/2/12,514002,15099
2026/2/13,468180,14099
2026/2/14,414274,12332
2026/2/15,356790,10532
2026/2/16,204924,6556
2026/2/17,214175,6786
2026/2/18,278750,8443
2026/2/19,339133,9838
2026/2/20,400675,11176
2026/2/21,432670,12182
2026/2/22,468402,13458
2026/2/23,537572,14756
2026/2/24,553513,15396
2026/2/25,537850,15447
2026/2/26,554302,15617
2026/2/27,545618,15385
2026/2/28,552142,15401
2026/3/1,581540,16099
2026/3/2,500030,14012
2026/3/3,499945,14115
2026/3/4,455988,13244
2026/3/5,469472,13202
2026/3/6,444971,12830
2026/3/7,664994,17677
2026/3/8,736776,19542
2026/3/9,438622,12854
2026/3/10,431568,12643
2026/3/11,436190,12762
2026/3/12,433081,12685
2026/3/13,450090,12982
2026/3/14,705999,18692
2026/3/15,780881,20613
2026/3/16,459967,13576
2026/3/17,471940,13859
2026/3/18,487427,13985
2026/3/19,499722,14013
2026/3/20,503232,13957
2026/3/21,775220,19829
2026/3/22,877204,22780
2026/3/23,515734,14920
2026/3/24,529953,15030
2026/3/25,538880,15114
2026/3/26,578051,15965
2026/3/27,564961,16053
2026/3/28,853849,21962
2026/3/29,1009694,25284
2026/3/30,639971,17367
2026/3/31,635862,17306
2026/4/1,654089,17425
2026/4/2,631503,17039
2026/4/3,624634,16552
2026/4/4,877041,22010
2026/4/5,979168,24396
2026/4/6,1054224,26631
2026/4/7,682541,18866
2026/4/8,736308,19396
2026/4/9,756708,19645
2026/4/10,654216,17490
2026/4/11,1089564,26308
2026/4/12,1256322,30767
2026/4/13,794074,21315
2026/4/14,798624,21733
2026/4/15,827630,21966
2026/4/16,843477,22450
2026/4/17,823680,21599
2026/4/18,1280195,30732
2026/4/19,1514220,36023
2026/4/20,939970,25054
2026/4/21,998003,25693
2026/4/22,1041257,26690
2026/4/23,1013993,26098
2026/4/24,946850,24525
2026/4/25,1449220,33846
2026/4/26,1652608,38790
2026/4/27,1114294,27932
2026/4/28,1067672,26395
2026/4/29,903431,23007
2026/4/30,811874,21461
2026/5/1,1045108,25999
2026/5/2,1053524,26624
2026/5/3,1039345,26278
2026/5/4,1066487,27123
2026/5/5,1164059,29430
2026/5/6,911954,23934
2026/5/7,974573,25222
2026/5/8,946390,24411
2026/5/9,913149,23666
2026/5/10,1417837,34111
2026/5/11,900623,24470
2026/5/12,923268,24277
2026/5/13,901867,23911
2026/5/14,876945,23576
2026/5/15,822720,22744
2026/5/16,1234480,30717
2026/5/17,1435978,35284
2026/5/18,909954,24805
2026/5/19,920201,24589
2026/5/20,928313,24560
2026/5/21,962351,25366
2026/5/22,916626,24766
2026/5/23,1310247,32537
2026/5/24,1499286,37117
2026/5/25,1028034,26520
2026/5/26,1084640,27150
2026/5/27,1108120,27186
2026/5/28,1088156,26436
2026/5/29,975462,24879
2026/5/30,1455673,33801
2026/5/31,1658630,38131
2026/6/1,1101532,27733
2026/6/2,1152920,28443
2026/6/3,1186968,28803
2026/6/4,1174848,28510
2026/6/5,1145947,28234
2026/6/6,1639856,36836
2026/6/7,1795745,42196
2026/6/8,1385254,35233
2026/6/9,1728279,35746
2026/6/10,1669338,30830
2026/6/11,1704671,30441
2026/6/12,1523868,28046
2026/6/13,2213436,37283
2026/6/14,2353740,40366
2026/6/15,1609509,30399
2026/6/16,1610691,29823
2026/6/17,1600999,28619
2026/6/18,1503553,26695
2026/6/19,2119395,34605
2026/6/20,2204600,36776
2026/6/21,2326867,39491
2026/6/22,1733531,31782
2026/6/23,1776716,31934
2026/6/24,1782818,32314
2026/6/25,1790754,32178
2026/6/26,1730822,30858
2026/6/27,2490404,40637
2026/6/28,2675565,43597
2026/6/29,1819642,32277
2026/6/30,1765363,31295
2026/7/1,1698040,30496
2026/7/2,1566982,28679
2026/7/3,1511578,27745
2026/7/4,1892657,32165
2026/7/5,1876463,32498
2026/7/6,1387977,25927
2026/7/7,1377181,24946
2026/7/8,1294732,23726
2026/7/9,1189940,22346
2026/7/10,1185341,22506
2026/7/11,1225704,22706
2026/7/12,1242017,22907
2026/7/13,1214769,22097
2026/7/14,1126301,20743
2026/7/15,979691,18887
2026/7/16,932156,18141
2026/7/17,856852,16949
2026/7/18,821461,15823
2026/7/19,814510,15861
2026/7/20,827457,16288
2026/7/21,831838,16132
2026/7/22,794930,15574
2026/7/23,788149,15369
2026/7/24,753408,14984
2026/7/25,705445,13922
2026/7/26,736071,14098
2026/7/27,767425,14731
2026/7/28,750861,14501
2026/7/29,756239,14379
2026/7/30,736407,14256
2026/7/31,711093,14018
2026/8/1,685337,13369
2026/8/2,699780,13393
2026/8/3,732817,14255
2026/8/4,731015,14121
2026/8/5,716504,13668
2026/8/6,702647,13407
2026/8/7,672558,13046
2026/8/8,633869,12433
2026/8/9,659456,12615
2026/8/10,700536,13215
2026/8/11,700458,13242
2026/8/12,698922,13330
2026/8/13,686459,13098
2026/8/14,651213,12641
2026/8/15,629102,12162
2026/8/16,646956,12314
2026/8/17,669068,12677
2026/8/18,670661,12612
2026/8/19,644071,12488
