keywords,pv,uv
江南十校,1168,202
一模,1188,175
江南 10 十校,657,152
数学,763,138
物理,522,116
深圳一模,439,107
英语,477,102
深圳 一模2026,352,94
月考,527,88
化学,388,86
导数,255,85
开学考,468,76
生物,329,72
语文,303,66
哈三中,220,65
深圳,215,54
辽宁名校联盟,336,52
地理,240,51
日语,170,49
江南 10 十校 3月份 联考2025高三,183,47
江南十校 2026年3月高三,152,46
深圳 2026 高三第一次调研,145,45
高考,128,45
第一次月考,285,45
中考,202,44
九师联盟,211,44
成都七中,167,44
长郡,243,43
名校联盟,194,41
三角函数,137,40
期末,294,40
免费,103,39
历史,174,39
政治,186,38
济宁一模,180,38
武汉,133,36
天一大联考,181,34
数列,124,34
南通,148,34
武汉二调,108,33
三省三校,104,33
深圳 025 年高三 一模,117,32
东北三省三校,95,32
向量,87,30
长郡中学,175,29
深圳 一模 2026,96,29
菏泽 一模 2026,104,29
浙江,105,28
济南 026高三一模,63,28
菏泽一模,164,28
二模,199,28
自主招生,146,27
学易金卷,181,27
辽宁 名校联盟,146,27
江南 十校,116,27
巴蜀中学,171,27
Z20,90,27
2026年深圳市高三年级第一次调研考试,76,27
作文,100,26
镇海中学,79,26
新阵地,112,26
C20安徽一模,125,26
汕头一模,149,25
期中,177,25
平面向量,61,25
百师联盟,106,25
辽宁,113,24
东北三省三校一模,84,24
2026 0 1 一 卷浙江首考,54,24
烟台一模,140,23
武汉三调,99,23
天一,158,23
合肥一模,107,23
第一单元,111,23
德州一模,117,23
一模2026,111,22
一模 2026,89,22
雅礼中学,76,22
强基联盟,164,22
江西省重点中学协作体2026届高三第一次联考,100,22
江南 10 十校 3月份 联考2026高三,97,22
黑龙江省实验中学2026届高三学年联合模拟考试,58,22
高三英语,76,22
东营一模,93,22
德州 1月 高三一模,86,22
成都 七中,87,22
听力,72,21
深圳中学,70,21
深一模,65,21
金太阳,77,21
江南 10 十校 3月份 联考,58,21
哈尔滨第三中学,77,21
高三,212,21
二次根式,81,21
东北育才,150,21
滨州一模,100,21
圆锥曲线,55,20
课件,132,20
哈师大附中,81,20
单招,146,20
重庆八中,130,19
浙江强基联盟,64,19
月考卷,95,19
聊城一模,106,19
哈三中2026届高三学年第一次模拟试卷,60,19
东北师大附中,80,19
T8,75,19
2026,285,19
一模 2025,158,18
烟台 一模 2026,62,18
三省三校 黑龙江哈师大附中 东北师大附中 辽宁实验中学 2025 2026数学,71,18
联考,83,18
立体几何,43,18
哈三中一模2026,49,18
哈三中一模,48,18
哈尔滨,47,18
高三数学,68,18
重庆一中,49,17
语法填空,44,17
一摸,55,17
雅礼,56,17
皖北协作区2025高三,51,17
数 学,81,17
深圳 一模2026数学,27,17
山东一模,79,17
强基联盟 3月2026年 高三,143,17
莆田二检,70,17
龙岩2026高中毕业班三月教学质量检测,101,17
临沂一模,129,17
辽宁省名校联盟,91,17
江苏,68,17
济南一模,45,17
湖南,61,17
黑龙江省2026实验中学高三,60,17
巴蜀,105,17
八省联考,43,17
3月月考,72,17
2026深圳一模,46,17
2026江南十校,74,17
重庆,137,16
天一中学,60,16
试卷,78,16
竞赛,72,16
高考真题,47,16
福州二检,80,16
导数专题,23,16
Z20名校联盟,40,16
C20,74,16
淄博一模,65,15
炎德英才大联考,34,15
压轴题,110,15
潍坊一模,39,15
师大附中,43,15
上好课,57,15
七年级下学期阶段检测,43,15
名校 联盟 2026高三3月份,58,15
辽宁 名校联盟2026 3月模考,46,15
开学考试,114,15
黑龙江,52,15
俄语,52,15
3月,72,15
浙江 1 2026高考,27,14
长沙,53,14
长郡二十校,34,14
长郡 20校2026届高三3,47,14
无锡 026高三期末,49,14
皖北协作区,48,14
苏州中学,51,14
山东,118,14
三省三校 黑龙江哈师大附中 东北师大附中 辽宁实验中学,60,14
强基,47,14
南通 026高三一模,64,14
聊城 一模 2026,91,14
交变电流,28,14
江南十校 高三,47,14
湖南师大附中,35,14
东北三省,29,14
2026届高三综合素质检测,51,14
镇江 026高三零模,27,13
浙江 026届 高三,57,13
武汉 0 2月调 高三,44,13
文言文,38,13
潍坊 023 2026高三 一模,47,13
深圳 2026 一模,40,13
南开,66,13
南京师范大学附属中学,48,13
名校协作体,71,13
开学,48,13
九年级,89,13
解三角形,34,13
江苏九校联考,42,13
计数原理,42,13
会考,50,13
湖北,72,13
合格考,74,13
合肥一中,49,13
合肥,49,13
广东,58,13
高三一模,46,13
动量,23,13
八中,63,13
2026烟台一模,54,13
2026菏泽一模,71,13
阅读理解,64,12
烟台,59,12
新阵地2026,94,12
小升初,49,12
潍坊一模 2026,48,12
桃花源记,34,12
泰安 一模 2026,38,12
苏州,30,12
深圳 022026一模,39,12
排列组合,29,12
南开中学,52,12
零模,63,12
九校联考江苏,34,12
江苏阶段检测,38,12
江南 十校 12月份 联考,29,12
江南,26,12
菏泽高三一模,88,12
哈3中,35,12
德州一模 2026 高三,29,12
T8联考,31,12
专题,61,11
周测,60,11
浙江强基联盟2026年3月高三联考,77,11
长郡 20校2026届高三3月份,32,11
一中,51,11
武汉 0 1月 调研 2026,25,11
生物竞赛,50,11
生地会考,46,11
深圳 高三第一次调研2026,31,11
山东省实验中学,28,11
厦门,28,11
青桐鸣,66,11
期初考试,74,11
七中,26,11
楞次定律,32,11
九省联考,32,11
经典常谈,31,11
江南十校 2026年3月,41,11
江南 10 十校 10月份 联2026高三下学期开学考,35,11
化学 1轮复习,23,11
湖南 025 届 长郡 二十校联盟,22,11
合肥 一模 2026,31,11
广州一模,23,11
广州,56,11
高三一模2026,59,11
高三物理,30,11
高考英语,19,11
东营 一模 2026,38,11
东北三省三校2026年高三第一次联合模拟考试,50,11
东北三省 2026高三第一次模拟考试,32,11
电磁感应,32,11
等差数列,21,11
步步高,49,11
北京,88,11
Z20名校联盟 浙江省名校新高考研究联盟 2026届高三第二次联考,32,11
2026济南一模,29,11
组卷,28,10
自招,57,10
重庆中考,21,10
浙江Z20,32,10
长郡 20校联考2025年12月数学试卷,18,10
阅读,32,10
英语听力,24,10
炎德英才,18,10
兴化初三开学考,86,10
襄阳四中,32,10
西南大学附属中学,46,10
无锡,39,10
苏锡常镇,29,10
四年级下学期阶段检测,32,10
深圳 一模,22,10
深一模2026,28,10
山东 1 2026高三一模,27,10
厦门双十中学,30,10
日照一模,35,10
青岛一模,39,10
青岛二中,36,10
期初,39,10
七选五,25,10
平行四边形,22,10
模拟卷,46,10
模拟,32,10
免费专区,23,10
辽宁省实验中学,68,10
九校联考,55,10
济宁一模2025,40,10
济宁 一模2026,14,10
济南 一模 2026,23,10
河北一模,43,10
河北,26,10
哈尔滨市第三中学,47,10
哈尔滨师范大学附属中学,33,10
高 考 2025高考真题,23,10
高 考 1 202 年 2025全国 高考,40,10
福州一中,57,10
福州,59,10
福建,48,10
二次函数,35,10
东北师范大学附属中学,28,10
德州 高三一模,50,10
德州,39,10
导数 0 专题,18,10
单招2025真题数学,41,10
大连24中,20,10
成都七中二诊模拟,41,10
常州 026高三一模,17,10
八年级下学期阶段检测,21,10
安徽江南十校,54,10
安徽 江南十校 高三 2026,43,10
2026深圳一模数学,19,10
2026年高三第一次联合模拟考试,64,10
2026东北三省三校一模,35,10
2026 江南十校 3月 高三联考安徽,22,10
重庆南开中学,22,9
中考真题,26,9
知识点,34,9
浙江新阵地教育联盟2026联考,24,9
浙江 首考1月2026,16,9
浙江 1月 首考2026高考,21,9
长郡中学 026高三,34,9
长郡二十校 026高三3月联考,46,9
长郡20校联考2026三月,33,9
圆,19,9
银川一中,34,9
烟台 023 2026高三 一模,23,9
新未来,33,9
新课程能力培养,61,9
物理一模,19,9
物理 01 新中考 卷 新题 型 结构 学易金卷 2024 年 中考 考前 押题 密卷 2025 零一 二零二四 二零二五,18,9
万有引力,27,9
完形填空,22,9
听力 100篇专项训练,20,9
天 一大联考,46,9
苏州一模,43,9
苏州 0 模 2026 高三,21,9
苏北四市 026高三一模,17,9
四川大数据联考高三,53,9
四边形,19,9
生地会考真题,44,9
沈阳 1模,17,9
上海,55,9
山东一模2026,22,9
三年级下学期阶段检测,24,9
泉州,36,9
曲线运动,22,9
齐齐哈尔市一模,27,9
莆田,76,9
南通一模,20,9
南开 重庆,25,9
南京,29,9
免费下载,11,9
免费的试卷,36,9
临沂2026一模,42,9
辽宁省 0222023名校 联盟高三3月份联合考试,24,9
辽宁10名校联盟,24,9
力学,24,9
金太阳026高三,32,9
江西重点中学协作体2026届高三下学期第一次联考,45,9
江南十校物理,20,9
江南十校高三,31,9
江南 10 十校 10月份 联2026高三下学期2月开学考,28,9
江淮十校,28,9
济南,54,9
华南师范大学附属中学,28,9
黑龙江省实验中学,44,9
菏泽2026届高三一模,37,9
哈三中2026年高三学年第一次模拟考试,29,9
哈九中,31,9
高一下3月月考,23,9
高三化学,22,9
高考数学,18,9
福建名校联盟2026高三二月,16,9
二项式定理,15,9
东北 2025 2026 师大附中,23,9
德强,35,9
导数 2025 常考大题归纳综合一轮复习,19,9
大连,34,9
答题卡,22,9
安徽,25,9
C20 2025 2026学年安徽省九年级第一次学业水平测试,33,9
A10 1号 2026年2月26日高三开年考,20,9
2026潍坊一模,44,9
2026深圳市高三年级第一次调研考试,22,9
淄博 1月 2026高三一模,21,8
镇江,24,8
浙江1月,23,8
浙江 强基 3月 高三,30,8
月考 3月,66,8
圆周运动,30,8
语文答题模板,14,8
英语作文,14,8
一战成名,61,8
一元二次方程,18,8
一模 2026 高三,67,8
压强,21,8
襄阳市高三三月调研考试,65,8
襄阳2026一模,25,8
襄阳,33,8
武汉四调,32,8
武汉二调2025数学,15,8
武汉 二调2026数学,27,8
武汉 3月 调研 2026,19,8
武汉 0 9月调,17,8
潍坊,33,8
天津,63,8
泰州期初考试,24,8
苏北四市,20,8
苏北,16,8
四川,42,8
数学高三,31,8
树德,39,8
深圳市1模,20,8
上海中学,31,8
陕西,26,8
山东中考模考,17,8
厦门一中,37,8
厦门 1月质检,18,8
三角恒等变换,17,8
人大附中,30,8
齐齐哈尔一模,35,8
七下数学,25,8
南通 一 模 2026,17,8
名校联盟 1月 辽宁,16,8
美术,28,8
龙东十校联盟,37,8
临沂 2026 高三一模,37,8
临沂 2026 高三上学期 期末,27,8
辽宁一模,18,8
辽宁阶段检测,39,8
昆一中2026二月高考复习诊断,32,8
开学考 2024 2025 下学期,36,8
九 202 6九师联盟,24,8
江西,51,8
江南十校联考高三,16,8
江南十校 2026年3月高三数学,18,8
减数分裂,18,8
济宁 2026高三 一模,45,8
济宁 025高三一模,29,8
济宁,45,8
集合,22,8
华中师范大学第一附属中学,37,8
华师一附中,12,8
湖南新高考教学教研联盟,26,8
湖北省部分重点中学2026届高三第一次联考,23,8
衡水中学,37,8
菏泽一模数学,13,8
和平一模,27,8
好题汇编,37,8
杭州二中,27,8
函数,21,8
哈三中高三一模2026,25,8
哈 三 中 2 0 2 5 2 0 2 6 学 年 度 三 学 年 期 中 考 试,26,8
光学,18,8
高一下,29,8
高三 一模 2025,32,8
高 一下 1 开学测,24,8
佛山一模,46,8
佛山,32,8
反比例函数,13,8
东营,34,8
东三省辽宁名校联盟2026年高三第一次模拟考试试题,21,8
东北三省三校2025年高三第一次联合模拟考试,19,8
德州高三一模,57,8
德州2026高三一模,34,8
德州 一模 2026,31,8
导数 023专题一轮复习,14,8
导数 0 基础题,12,8
大连二十四中,13,8
成都,45,8
北京阶段检测,14,8
百强校,16,8
八下数学,26,8
T 8 12月联考,9,8
4月,28,8
2026一模,31,8
2026 深圳 高三 第一次调研,34,8
2026 合肥市高三第一次教学质量检测,18,8
2025,52,8
周测卷,23,7
中考一模,19,7
中考物理,17,7
中考数学,23,7
中考模拟卷,35,7
中考 02025 一轮 复,15,7
浙南名校,24,7
浙江首考,16,7
浙江省名校协作体,14,7
浙江 2026 1 月 英语高考试卷,14,7
长沙一模,16,7
长沙市一中,29,7
长沙市2026年高三年级模拟考试,15,7
长郡 20校联考,20,7
长郡 20校,32,7
长春市 2026届高三质量监测 一,16,7
云学联盟,22,7
云南师范大学附属中学,36,7
圆创,19,7
语文作文 2026备考素材作文,11,7
语文作文,12,7
语文阅读理解,19,7
有机化学,16,7
英语 听力2025 含听力材料及录音,18,7
一 模,46,7
耀华中学,27,7
扬州中学,22,7
扬州,25,7
盐城,26,7
压轴题专项训练,31,7
压轴,9,7
学 易金卷,34,7
徐州,23,7
新阵地联盟高三第二次,22,7
协作体,27,7
襄阳三月高三年级统一调研,22,7
西北工业大学附属中学,15,7
潍坊市2 026高三一模,15,7
潍坊 2026高三 一模,11,7
潍坊 023 2024高三上学期 一模,18,7
完型填空,19,7
听说,28,7
唐山2026一模,26,7
苏锡常镇025高三一模,18,7
数列专题,13,7
实验中学,15,7
省实验,32,7
生物竞赛2025初赛,36,7
沈阳,34,7
深圳一模物理,12,7
深圳一模数学,13,7
深圳 一模2026物理,15,7
深圳 024 2025一模,51,7
深圳 022026一模 数学高三,11,7
溶液,22,7
日语2025高考考日语卷,19,7
人大附,23,7
青岛,26,7
抛体运动,16,7
南京 盐城 026高三一模,22,7
南昌,23,7
摩擦力,19,7
免费试卷,25,7
绵阳中学,32,7
绵阳,39,7
龙岩市2026高三毕业班3月质量检测,24,7
柳州市2026届高三第二次模拟考试,68,7
辽宁名校联盟高三一模,21,7
辽宁名校 联盟3月份高三2026,41,7
辽宁 0 名校联盟高三,15,7
辽宁 0 名校 联盟3月份2026高三一模,16,7
历史01一轮复习知识点归纳,14,7
力,19,7
金考卷,20,7
江南十校数学,31,7
江南 十校 2月份 2025高三,23,7
简谐运动,18,7
济宁 1月 期末2026高三,17,7
化学知识点,17,7
湖北 01 月 调研,12,7
黑龙江一模,14,7
黑龙江实验中学2026高三一模,21,7
黑吉辽,27,7
和平区一模,18,7
杭州,18,7
海南中学,26,7
海门中学,30,7
广州 1 模,17,7
广东中考,17,7
广东一模,20,7
广东阶段检测,19,7
勾股定理,20,7
高一下学期3月月考,37,7
高三语文,17,7
高三内部练,57,7
高考物理,29,7
高考试卷,11,7
概率,16,7
浮力,23,7
分式,15,7
东北三省 三校2026,19,7
东北,16,7
第一次 月考,35,7
地生会考2025真题,29,7
道法,20,7
道德与法治,32,7
单词,31,7
大湾区一模,30,7
大庆实验中学,35,7
大庆实验,29,7
成都石室中学,20,7
常州,11,7
必刷题 2025电子版,10,7
安庆二模,37,7
C20安徽一模2026,25,7
2026山东一模,18,7
2026届高三开年大联考,22,7
2026济宁一模,27,7
2026德州一模,117,7
2025一模,19,7
2025高考,25,7
2025 2026学年福州市高三年级三月质量检测,15,7
组卷网,27,6
自主招生数学,23,6
自招物理,20,6
淄博一模数学,11,6
淄博,41,6
资料,13,6
专项,23,6
珠海,18,6
重庆市第一中学,17,6
重庆巴蜀中学,14,6
重庆 八中,18,6
重庆 0224八中,16,6
真题,15,6
浙江名校协作体,26,6
长郡20校,30,6
长郡12月份联考,11,6
枣庄一模,11,6
阅读理解 100篇专项训练,23,6
阅读 100篇专项训练,16,6
育才,26,6
语文作文 2025备考素材作文,12,6
语文阅读理解 100篇专项训练,14,6
语文文言文 100篇专项训练,21,6
语 文,30,6
英语阅读理解,29,6
英语语法填空2025专项练习,12,6
英语语法填空,9,6
英语高三,19,6
一诊,44,6
一模卷,51,6
杨村一中,16,6
烟台 026高三一模,12,6
学军中学,32,6
信息技术,35,6
新高考教学教研联盟,21,6
新高考1卷,14,6
萧红,11,6
襄阳四中 五中自主招生,72,6
襄阳四中 2026 届高三上学期质量检测 五,14,6
武汉 0 1月 调研,14,6
五年级下学期阶段检测,15,6
文言文练习,13,6
文言文 02026一轮复习,17,6
温州 1 5模,12,6
同步练习册,44,6
天一联考,39,6
天津中考,11,6
天津一中,25,6
提前招生,15,6
泰州,27,6
孙权劝学,10,6
苏锡常镇一模,29,6
四中,10,6
四川大数据联考,22,6
数学一模2026,21,6
数学期末,18,6
数列 023 专题 一轮复习,9,6
实验,11,6
石室中学,30,6
生物会考,37,6
生地会考2025中考题,26,6
深圳中学2026 高三复习检测四,19,6
深圳一模语文,6,6
深圳一模英语,12,6
深圳市一模,29,6
深圳市1模2026,25,6
上海阶段检测,12,6
山东潍坊一模,14,6
山东省2026年普通高中学业水平3月调研,22,6
山东期末,15,6
山东名校考试联盟,20,6
山东济宁一模2026,62,6
山东菏泽一模,42,6
三月月考,33,6
三省三校2026,11,6
三省2026高三第一次模拟考试,16,6
三模,25,6
儒林外史,16,6
泉州 1 月份 2026高三二检,16,6
青岛 一模 2025,16,6
齐齐哈尔,40,6
七校协作体,47,6
七下第一次月考数学,17,6
七彩阳光,14,6
莆田市2026届高中毕业班第2次质量调研测试试卷,18,6
排列组合 19大题型,10,6
排列 组合常见题型18,14,6
南宁二中,34,6
南京外国语学校,20,6
名校联盟辽宁,24,6
氓,12,6
马鞍山一模,16,6
龙岩,27,6
临沂,20,6
聊城,26,6
辽宁名校联盟3月,50,6
辽宁名校,18,6
辽宁 名校联盟3月份2026高三一模,8,6
辽南协作体,13,6
练客中考 2026,14,6
联考卷,22,6
空间向量,14,6
开学考 八下,19,6
开学测,50,6
晶体,16,6
金太阳2026届高三综合模拟卷,11,6
解析几何,21,6
结课,53,6
江苏省,18,6
江南十校英语,13,6
江南十校2026,23,6
江南10校2026安徽高三,13,6
济宁一模2026,35,6
济宁高三一模,12,6
计算,21,6
鸡西,28,6
机械振动,9,6
汇编,24,6
化学一模,18,6
华大新高考联盟,9,6
湖南师范大学附属中学,19,6
湖南师大附中 2 0 26届高三 月考卷 三,12,6
湖南 026届 高三九校,23,6
黑龙江 1月2026联考高三,9,6
菏泽市2026高三一模,24,6
河东一模,11,6
河北区一模英语,10,6
合肥 1 模,30,6
杭州一模,11,6
哈三,13,6
哈尔滨师大附中 东北师大附中 2025年高三第一次联合模拟考试,16,6
哈尔滨三中,24,6
哈 三 中,14,6
贵阳一中,18,6
广西,19,6
广东省一模,43,6
工业流程,15,6
高一英语,20,6
高三政治,11,6
高三生物,16,6
高考 真题,18,6
高二下 3月 数学月考,21,6
高 三,16,6
概率大题,14,6
福州高三三月质检,16,6
福州 1月份市质检,17,6
佛山 一模2026,10,6
分离定律,13,6
读后续写,22,6
动量定理,9,6
东三省,22,6
东北十大附中哈尔滨师大附中辽宁省实验中学2026年高三第一次联合模拟考试数学试卷,13,6
东北三省三校一模2026年高三3月模拟考试,25,6
地生会考,27,6
导数大题,8,6
导数 023专题,10,6
导 数,10,6
大湾区,11,6
成都市第七中学,17,6
成都市2022级高中毕业班第二次诊断性检测,18,6
成都二诊,17,6
成都 七中二诊模拟2026届,19,6
朝阳,33,6
滨州一模2026,19,6
必修二,26,6
北京四中,19,6
北京期末,22,6
八年级下学期期中,14,6
安徽省 C20 教育联盟2026年九年级第一次学业水平检测,75,6
z20,15,6
www zxxk com,14,6
ppt,17,6
C20 2026学年安徽省九年级第一次学业水平测试,29,6
c20,11,6
3月月考试卷,28,6
2026年2月高三核心素养评估,24,6
2026东营一模,25,6
作文素材,10,5
自招 数学,14,5
淄博高三一模,14,5
淄博 2026高三一模,8,5
周练,21,5
重庆市,12,5
重庆南开,20,5
重庆巴蜀,31,5
中考单词,10,5
政治选修二,14,5
浙江五年级下学期阶段检测,16,5
浙江 Z20 2026 届高三第二次联考,13,5
浙江 2026 1 月 首考,9,5
浙江 1月 2026高考,13,5
长沙一模2026,7,5
长郡 02 5 高三 月考,8,5
湛江一模2026,13,5
运动和力,10,5
云学联盟2月湖北,12,5
云师大附中 2 0 26届高三 月考卷,7,5
云师大附中,12,5
云南省新高考自主命题冲刺金卷一,13,5
月考试卷,30,5
圆 023一轮复习大题,13,5
原子结构,15,5
语文一模,9,5
语法,18,5
英语语法,10,5
音乐,18,5
因式分解,21,5
一模数学,12,5
扬州 026高三一模,10,5
炎徳英才大联考2026届高三,9,5
烟台高三一模,8,5
烟台2026届高三一模,19,5
学科网,17,5
学考传奇,23,5
兴化,24,5
信息技术 2025 学业水平测试,17,5
新阵地 2026,15,5
新疆,16,5
襄阳一模2026,29,5
西工大附中,19,5
物理期末,19,5
物理竞赛,12,5
武汉中考,9,5
武汉三调2026数学,6,5
武汉二中,10,5
武汉 三月 调研 数学,11,5
武汉 0 2月调 高三 数学,7,5
五校联考,33,5
无锡一模,16,5
温州,24,5
潍坊 2025 2026 期末考试,21,5
万有引力与航天,11,5
万唯,20,5
完型填空 100篇 专项训练英语,7,5
同分异构体,10,5
天星2026版45套卷,16,5
天津市第一中学,20,5
天津高三下学期期末,11,5
天津高考真题,20,5
天津高考 2025高考真题,16,5
天1大联考,10,5
塘沽一中,28,5
唐山一模,18,5
唐山,19,5
苏北 026高三一模,13,5
四省联考,9,5
四边形压轴题,7,5
数学第一次月考,19,5
数学导数,9,5
数列 0 一轮复习,5,5
师大附中一模,19,5
生物中考,13,5
生物 1轮复习,17,5
生物 1必背知识清单,7,5
深圳一模 2025,9,5
深圳高三一模,7,5
深圳 一模2026化学,11,5
汕头 一模2026,28,5
汕头,18,5
山西大学附属中学,29,5
山东中考,10,5
山东省济宁市一模考试试卷高三,35,5
山东阶段检测,14,5
山东济宁一模,12,5
山东高三一模,23,5
厦门双十,14,5
三中,20,5
日照2026一模,12,5
泉州市2025届高中毕业班质量检测三,12,5
泉州市 2026 届高中毕业班质量监测 二,9,5
全品学练考,10,5
强基联盟 3月2026年高三,53,5
强基联盟 3月2026年 高二,19,5
强基2026 3月,15,5
期末试卷,30,5
期 末,17,5
七选五 100篇,10,5
七校协作体3月,14,5
七年级下学期期中,10,5
七彩阳光 高三开学考,24,5
七宝中学,13,5
莆田市2026届高中毕业班第二次质量调研测试试卷,16,5
平面向量及其应用,12,5
培优,20,5
排列与组合,16,5
内江二模,8,5
南通中学,12,5
南通1 5模,23,5
南宁二中开学考,23,5
南宁,20,5
南开中学重庆,23,5
南开一模英语,14,5
南京信息职业技术学院单招历年真题,28,5
南京外国语,16,5
南昌市2025届高三摸底测试,7,5
名校协作体 高三下开学考,18,5
绵阳南山中学2023级高三第五次教学质量检测,18,5
绵阳南山中学,22,5
骆驼祥子,10,5
骆驼 祥子必背知识点及考点含答案,9,5
六校联考,18,5
硫及其化合物,14,5
临沂一模 2026,17,5
聊城高三一模,25,5
辽宁省实验中学 东北师大附中 哈尔滨师大附中2026年高三第一次联合模拟考试,23,5
辽宁省名校联盟2026年高考模拟卷 调研卷,16,5
辽宁省,12,5
辽宁高三,28,5
辽宁 0 名校 联盟3月份,33,5
练客中考,17,5
立体几何 大题,19,5
历史中考,6,5
理综,16,5
兰州一诊,14,5
昆明市第一中学 2 0 26届高三年级 2月复习诊断,13,5
课本,27,5
科学,11,5
考,8,5
凯里一中 2026 黄金二卷,22,5
九年级下学期期末,14,5
九江一模,20,5
晶胞,5,5
金山中学,14,5
金陵中学,12,5
金丽忂12校2025 2026学年高三第一次联考,13,5
解析几何大题,14,5
解三角形大题,19,5
蛟川书院,15,5
江西省重点中学协作体2026届高三第一次联考数学试卷,19,5
江西省重点中学盟校2026届第一次质量检测,18,5
江西省重点中学2026届高三第一次联考,16,5
江苏省扬州中学,12,5
江苏九年级下学期期末,8,5
江南十校 3月份 联考2025高三,11,5
江南十校 2026年3月高三生物,10,5
江南 10 十校 10月份 联考2025高三,10,5
江南 10 十校 10月份 联考2025 2026高三下学期开学考,7,5
济宁一模数学,8,5
济南市2026届高三第一次模拟考试,19,5
计算题,15,5
吉林大学附属中学,18,5
惠州,25,5
淮阴中学,15,5
化学工艺流程,10,5
华师1附中,17,5
湖南名校联考联合体,10,5
湖北云学联盟,16,5
衡水金卷先享题调研卷 2026年,11,5
黑龙江 1月2026联考高三六校联盟,10,5
黑吉辽蒙九师联盟2026届高三3月质量检测,14,5
黑吉辽蒙,15,5
菏泽一模政治,21,5
菏泽 一模 2026政治,24,5
河南省实验中学,21,5
河南,28,5
河东区,16,5
河北区一模,10,5
和平区,15,5
合肥中考一模,41,5
合肥168,24,5
合肥 1一模,8,5
杭州 024 20226一模数学,10,5
海南高三,15,5
哈三中一模 东北三省三校一模2026年高三3月模拟考试,24,5
哈三中高三一模,20,5
哈三中2025 2026,13,5
哈尔滨三中一模,11,5
哈尔滨第九中学2025 2026,15,5
哈尔滨第九中学,20,5
贵阳2026届高三下适应性考试,12,5
广州市第二中学,12,5
广东实验中学,16,5
广东省实验中学,11,5
广东二调,18,5
关联速度 必修二,8,5
高邮,23,5
高一下开学考,21,5
高一期末,20,5
高三下学期高考模考,13,5
高三江南十校三月联考,31,5
高三第七次质量检测,12,5
高考作文,11,5
高考卷,18,5
高二下语文,12,5
高二下第一次月考,12,5
高二数学,8,5
高二上学期期末,41,5
高 考卷 2025年真题,19,5
赣州市 2024 2025高三一模试卷,11,5
赣州,33,5
复习,11,5
福州市2026届高三年级三月质量检测,13,5
福建中考,11,5
福建名校联盟,23,5
福建阶段检测,16,5
分班考,13,5
发酵工程,7,5
二诊,21,5
二次根式 100道计算,14,5
东北师大附中 2 0 25 2026届高三 摸底卷,9,5
东北三省三校2026,8,5
电学,13,5
点石联考,15,5
等和线,8,5
等比数列,10,5
地理一模,24,5
地理会考,19,5
地理 01 一轮复习,12,5
德州市2026一模,28,5
大数据联考四川,9,5
大连育明,15,5
大连一模,25,5
成都中考,15,5
成都七中2025 2026高三下入学考试生物试题,6,5
成都第七中学,8,5
成都 二诊 2025届,20,5
常州市2025 2026学年第一学期高三期末质量调研,10,5
波,9,5
必刷题,26,5
本溪市2025 2026学年上学期期末考试,14,5
北京101中学,10,5
包头,15,5
百师联盟2026,32,5
八中 重庆,12,5
安徽阶段检测,10,5
Z20 名校联盟2026届高三第二次联考英语,9,5
T 8 联考,14,5
C20 教育联盟 2026,25,5
A10联盟,25,5
A10 1号 高三开年考,20,5
A10,15,5
4月月考,44,5
43中学寒假开学考试,14,5
3月份 考试,17,5
2026烟台一模历史,6,5
2026汕头一模,32,5
2026山东2月名校联盟,15,5
2026日照一模,32,5
2026年沈阳市高中三年级教学质量检测 一,16,5
2026年合肥市高三第一次教学质量检测,8,5
2026年高考第一次模拟考试,11,5
2026年1 月6号浙江高考首考,22,5
2026聊城一模,31,5
2026届云南三校高考备考实用性联考卷 六,13,5
2026届高三综合素质检测数学,8,5
2026高三开年大联考,15,5
2026高三第一次联合模拟考试,22,5
2026 深圳一模,17,5
2025全国二卷英语,11,5
2025济宁一模,14,5
2025广州一模,19,5
2025高考物理,12,5
2025 全国1数学真题高考,10,5
2025 0 1全国1一卷英语卷高考,16,5
2025 0 1全国1数学真题,25,5
2025 0 1 1卷 数学,13,5
2024级高二上学期2月初期末质量检测,34,5
2023 0 1 1卷 数学高考 真题,8,5
126中学 沈阳,10,5
作文 范文,7,4
琢名小渔,12,4
遵义市2026届高三年级第二次适应性考试,19,4
自主招生物理,5,4
专题01,6,4
重庆育才中学,24,4
重庆市第八中学,24,4
重庆第一中学,5,4
中职,23,4
中科大少年班入围数学试题,6,4
中考英语,7,4
中考一模2026,7,4
中考试卷,12,4
中考模拟,12,4
中考卷,24,4
中国人民大学附属中学,21,4
质量检测,9,4
指标到校九龙坡区,15,4
郑州外国语,11,4
镇海,10,4
真题汇编,5,4
真题分类汇编,19,4
浙南联盟,25,4
浙南 金兰七彩精诚二月联考,12,4
浙江中考,9,4
浙江一模,9,4
浙江七年级下学期阶段检测,22,4
浙江阶段检测,11,4
浙江 首考 1月2026 英语,8,4
浙江 1 2026高考一月,7,4
长沙市长郡中学,32,4
长沙市 026高三一模,10,4
长郡三月,12,4
漳州一中,8,4
枣庄一模2026,13,4
枣庄,16,4
云南师大附中,12,4
云南省新高考自主命题冲刺金卷一3月6日,11,4
云南,17,4
圆锥曲线 大题,6,4
圆锥曲线 023专题 大题,5,4
原子结构与性质,8,4
育明,15,4
育才中学,10,4
语文文言文,6,4
语文默写 高三2026复习专题,6,4
语文理解性默写,6,4
语文100天复习计划表,5,4
余姚中学,13,4
诱导公式,10,4
迎春杯,4,4
英语作文模板,6,4
英语一模,9,4
英语完型填空2025专项练习,6,4
英语完形填空,10,4
英语听说考试,13,4
英语听说,10,4
英语期末,12,4
英语 单词 3500背诵版高中,10,4
义乌,17,4
遗传因子的发现,8,4
宜宾二诊,13,4
一战成名 2026,15,4
一元一次方程,13,4
扬州中学树人教育集团2025年秋学期期末考试9年级英语,11,4
扬州期末,17,4
烟台一模化学,4,4
烟台一模地理,5,4
雅礼中学 026高三 第三次月考,6,4
学考,41,4
学霸提优大试卷,12,4
学2026易金卷,5,4
选择题,10,4
新疆二模2026,8,4
小石潭记,7,4
小升初真题卷,9,4
向量 025一轮专题,6,4
襄阳4中,11,4
襄阳3月统一调研,8,4
西南名校联盟2026届 3 3 3 高考备考诊断性联考,8,4
西工大附中2026一模,11,4
西城一模数学,8,4
物理电磁场压轴大题,9,4
物理大题专练,7,4
武汉一模,7,4
武汉四调2025数学,8,4
武汉市2025届高中毕业生二月调研考试,8,4
武汉 二调,7,4
武汉 0 1月 调研 2026高三数学,6,4
芜湖一模,11,4
文综,19,4
潍坊市高考模拟考试2026,14,4
王朝霞,12,4
万唯2026试题研究,7,4
皖智教育,34,4
皖西优,28,4
椭圆,6,4
凸透镜 成像2025专题练习,5,4
天域全国名校协作体,8,4
天体运动,5,4
天津市南开中学,13,4
天津阶段检测,12,4
天河区二模,8,4
天 一 大联考 3月 2026,15,4
泰州中学,25,4
泰州期初考试高三2026,5,4
泰州期初,25,4
泰安一模,16,4
泰安2026高三一模,8,4
泰安,19,4
太和中学,15,4
酸碱盐,14,4
苏州期末,7,4
苏州 0 模,11,4
苏锡常镇025高三一模英语,5,4
苏北七市,7,4
苏北 四市,17,4
四平市第一高级中学,8,4
四川省成都市第七中学,7,4
四川 025 年 高考 真题,10,4
思维导图,14,4
顺义,24,4
双十中学,11,4
数学数列题型归纳,12,4
数学高三一模,10,4
适应性考试,36,4
石景山,20,4
石家庄外国语教育集团,14,4
石家庄二中,10,4
十一学校,7,4
十二中,10,4
省实验中学,11,4
省实验2026一模黑龙江,9,4
省实验2026一模,18,4
生物遗传,11,4
生物一模,7,4
生物基因工程大题专题训练,5,4
生物基因工程,8,4
生物会考2025真题,11,4
生物必修二第一章习题,8,4
生态系统,7,4
深圳中考,8,4
深圳一模2026,9,4
深圳市高三年级第一次调研考试,9,4
深圳 一模2026语文,7,4
深圳 一模 2026 数学,5,4
深圳 2026 高三第一次调研英语,5,4
深圳 022026一模 英语,4,4
上饶市2026届高三一模,12,4
上海交通大学附属中学,38,4
汕头市 2025 2026学年度普通高中毕业班教学质量监测,17,4
汕头 一模,35,4
山西一模,13,4
山西,10,4
山东物理,10,4
山东潍坊,9,4
山东名校联盟2026届高三下学期2月份核心素养评估考试,10,4
山东临沂,10,4
山东德州 一模 2026 高三,14,4
山大附中,12,4
三月联考,11,4
三月,17,4
三校联考,13,4
三省,10,4
三角函数专题,14,4
如皋,12,4
日照 一模 2026,19,4
日照,24,4
日语听力,12,4
人物素材,6,4
人民大学附属中学,15,4
泉州三检,10,4
全国一轮复习,32,4
全国甲卷,9,4
青桐鸣大联考,21,4
青岛自主招生,8,4
青岛五十八中,7,4
强基联盟 3月2026年高三数学,11,4
强基 3月,21,4
齐市一模,12,4
七下月考第一次数学,11,4
七下数学 北师大版,8,4
七年级下册第一次月考,26,4
七年级下册,28,4
莆田一中,9,4
莆田二检语文,5,4
莆田二检化学,6,4
平面向量 025一轮专题,11,4
排列 组合,10,4
逆等线模型,7,4
逆等线,8,4
内蒙古阶段检测,8,4
内江中考数学,13,4
内江六中,10,4
内江二模2025届,16,4
内初班真题卷新疆数学,5,4
南师附中,20,4
南宁三中,15,4
南京一中,6,4
南京盐城,10,4
南京市2025届高三年级学情调研,14,4
南京 026高三一模,13,4
南京 025高三零模,9,4
南海区一模,11,4
南昌中学,12,4
南昌一模,19,4
南昌二中,14,4
南昌 025高三一模,16,4
牡丹江,14,4
默写,16,4
名校学案,8,4
名校协作体 高三下 浙江,11,4
名校联盟3月份,8,4
名校联盟3月,20,4
名校联盟 1月 辽宁2026,4,4
名校 联盟,13,4
绵阳中考,6,4
绵阳 二诊 2026届,13,4
绵阳 2 诊,13,4
幂的乘除,20,4
骆驼 祥子必背知识点,5,4
罗湖区,14,4
龙沙,39,4
龙东,32,4
临沂2026高三一模,6,4
聊城一模2025,11,4
聊城025一模,6,4
聊城 2026高三 一模,14,4
辽宁省五校联考,9,4
辽宁省实验,14,4
辽宁省 0222025 名校 联盟高三3月份联合考试,10,4
辽宁省 0222025 名校 联盟,9,4
辽宁七年级下学期阶段检测,11,4
辽宁名校联盟高三,6,4
辽宁名校联盟1月,6,4
辽宁高二下学期阶段检测,10,4
辽宁 0 名校 联盟3月份2026,8,4
立体几何 高考大题真题汇编,5,4
历史一模,31,4
历史时间轴,5,4
理综卷,12,4
理解性默写,5,4
离子共存,8,4
课时练,17,4
开学考试卷,51,4
开学考2026,16,4
开学大联考,9,4
开年大联考,16,4
卷,10,4
九下化学,9,4
九师联盟高三3月份质量检测,12,4
九师联盟 2026届高三3月质量检测,4,4
九师 联盟1月,8,4
九师,13,4
九年级英语,8,4
九江一模2026,16,4
靖宇县,38,4
晶体结构与性质,17,4
晶体2026一轮复习,8,4
荆州中学,8,4
金华十校,8,4
解三角 形025二轮专题大题,4,4
结课考,16,4
郊联体,45,4
江西省重点中学协作体2026届高三第一次联考地理,5,4
江西省重点中学协作2026届高三第一次联考,22,4
江苏中考,6,4
江苏省泰州中学,13,4
江苏省九校联考2026,20,4
江苏七年级下学期阶段检测,10,4
江苏九校联考 高三,14,4
江苏九校联考 2026届高三,8,4
江南十校政治,7,4
江南十校生物,8,4
江南十校联考,7,4
江南十校历史,7,4
江南十校高三下,26,4
江南十校 2026年3月高三语文,9,4
江南十校 2026年3月高三物理,11,4
江南10校,10,4
江南 十校 12月份 联考高三,8,4
江南 10 十校2025,6,4
江门一模,9,4
减数分裂和受精作用,8,4
嘉兴,15,4
济宁一模语文,5,4
济宁一模英语,10,4
济宁市一模,35,4
济宁 一模2025高考,7,4
济宁 一模,30,4
济南中考2025,7,4
济南市2 026高三一模,9,4
济南期末,11,4
济南 026高三一模英语,4,4
计数原理 19大题型,6,4
几何大题,7,4
几何,12,4
吉林一中,8,4
吉林阶段检测,17,4
吉林,45,4
基因工程大题,15,4
基因工程,16,4
会考地理,10,4
淮安,8,4
化学中考,7,4
化学知识点总结,5,4
化学有机,7,4
化学开学考,10,4
化学020化学专题工艺流程大题,6,4
化学 工艺流程 2026复习专题,6,4
化学 2025 2026 期末,12,4
华附 省实 广雅 深中 2026 届高三四校联考,19,4
湖南新高考教学教研联盟 长郡二十校 2026届高三下学期3月联考,7,4
湖南师大附中 2 0 26届高三 月考卷 五,13,4
湖南师大附中 2 0 26届高三 月考卷 六,6,4
湖北省高三元月调考第二次联考,6,4
湖北省部分重点中学2026届高三第二次联考,8,4
葫芦岛一模,13,4
葫芦岛市第一高级中学,12,4
葫芦岛,18,4
虹桥,22,4
衡水金卷,7,4
衡水 金卷 02026 先 享 卷,8,4
黑龙江一模2026,14,4
黑龙江省一模,14,4
黑龙江省实验中学 2026 高三学年联合模拟考试,17,4
菏泽一模地理,7,4
菏泽市一模试卷,8,4
菏泽 2026高三上 一模,10,4
菏泽 023 2026高三一模,13,4
菏泽 023 2026高三上 一模,29,4
菏泽,13,4
河西区,23,4
河西,17,4
河北区2025 2026学年度高三年级总复习质量检测 一 英语笔试,7,4
和平区2026英语一模,5,4
合肥一中2025 2026学年高二年级上学期期末教学质量测评,15,4
合肥市高三第一次教学质量检测,16,4
合肥168中学,7,4
海南阶段检测,16,4
海南,26,4
哈师大青冈实验中学,9,4
哈师大附中一模,14,4
哈师大附中2026,10,4
哈三中英语一模,7,4
哈三中一模生物,19,4
哈三中2026届高三学年第一次模拟试卷答案,12,4
哈三中 2025 年高三学年第一次模拟考试,6,4
哈六中,11,4
哈尔滨市第九中学,17,4
哈尔滨第三中学一模,10,4
过秦论,8,4
广州市一模,8,4
广州名校联盟2026届高三2月调研测试,8,4
广州二模,12,4
广州 0 模,7,4
广西阶段检测,13,4
广东一模2026,12,4
广东一模 2025,11,4
广东五年级下学期阶段检测,12,4
广东四校联考,17,4
广东省一模2025 数学,8,4
广东深圳一模,12,4
光学复习,18,4
光合作用,7,4
光电效应,6,4
惯性,6,4
关联速度,9,4
瓜豆模型,8,4
拱墅区,11,4
高中语文,6,4
高中生物,10,4
高中化学,10,4
高邮市期初考试,21,4
高一下月考数学,10,4
高一下英语,7,4
高一下学期阶段检测,18,4
高一下数学,13,4
高一下期中,8,4
高一生物,9,4
高一上化学期末,11,4
高一,23,4
高三英语试卷,10,4
高三下学期期末,13,4
高三九师联盟,16,4
高三江南十校,9,4
高三第一次模拟考试,12,4
高三第七次质量检测2026,9,4
高三3月质量检测,12,4
高三 一模 2026,18,4
高考语法填空,8,4
高考英语高频词汇,19,4
高考题,18,4
高考化学,7,4
高二下月考,14,4
高二下学期,19,4
高二下,14,4
高二上 期末,18,4
高二开学考,9,4
高二 下学期 3月初开学考,13,4
高二,32,4
高 考,9,4
皋城中学开学考,7,4
港澳台联考,10,4
赣州一模,10,4
甘肃一诊,10,4
甘肃一模,19,4
甘肃省 2025省一诊,12,4
甘肃1 诊2025一2026,17,4
甘肃,14,4
复数,8,4
复旦大学附属中学,16,4
抚顺一模,8,4
福州质检,7,4
福州三月质检,10,4
福州二检数学,12,4
福建省2026届高三质检卷,28,4
福建名校联盟2026高三二月英语,5,4
佛山 022026一模语文,7,4
分层作业,22,4
分班,9,4
非谓语动词,8,4
范文,9,4
法语,6,4
二月,9,4
二年级下学期阶段检测,10,4
鄂尔多斯市市一中,6,4
鄂尔多斯,7,4
对口单招,12,4
东营 一模 2026英语,5,4
东三省一模,10,4
东三省三校一模,10,4
东三省三校,7,4
东三省 2026高三第一次模拟考试,6,4
东北育才学校,15,4
东北育才六模,8,4
东北师大附中高三,8,4
东北三省三校一模2026,8,4
东北三省 三校2026高三一模数学试卷,5,4
东北 2024 2025年三省三校高三质量检测模拟考试,7,4
鼎城中考精准提分2026版河南,12,4
电磁感应大题,6,4
电磁 感应2 单双杆,7,4
电磁,14,4
第一次,7,4
等差数列 023 专题,5,4
地生会考2025真题八年级下,21,4
地理2025年 全国卷真题,11,4
德州一中,19,4
德州 高三一模2026,43,4
德语,4,4
倒数,6,4
导学案,13,4
导数的运算,10,4
导数大题2025常考题大题汇总,6,4
单招 1 数学,14,4
单元卷 测试卷,15,4
单双棒 电磁感应 专题复习,10,4
带电粒子在匀强磁场中的运动,5,4
大同,16,4
大数据学科质量测评,20,4
大庆铁人中学,8,4
大梦杯,8,4
大连一模数学,14,4
大连二十四中学,5,4
大连 1模 高三,10,4
春季高考,19,4
楚雄州中小学2025 2026学年上学期期末教育学业质量监测,22,4
初中物理竞赛,7,4
初三数学,14,4
成都七中开学考试,20,4
成都七中开学考,12,4
成都 1 诊2026届高三一诊,5,4
朝阳期末,12,4
必修三,12,4
必刷题 2026电子版,19,4
北京一模,11,4
北京市第四中学,19,4
蚌埠市2026届高三年级第一次教学质量检查考试,11,4
帮课堂,27,4
百校联盟,12,4
百校联考,8,4
百 师联盟,9,4
拔尖特训,9,4
八下英语,11,4
八下生物2026知识点总结人教版,9,4
八下第一次月考,9,4
八省联考 12月2026届,6,4
八年级下册物理,12,4
八0 八省联考,8,4
安庆2025二模,11,4
安培力,6,4
安徽中考10 年真题,8,4
安徽省天一大联考,9,4
安徽省江南十校,27,4
安徽期末,9,4
安徽九年级下学期期末,19,4
安徽第一卷,13,4
安徽C20九年级26年一模卷,9,4
安徽 A 10联盟,15,4
阿氏圆,8,4
Z20 名校2025高三第二次联考,20,4
www zxxk com参考答案,17,4
Unit1,14,4
T8联考数学,6,4
T 8 01月联考2025联考,9,4
PPT,11,4
G12名校协作体,27,4
A10 2月安徽,14,4
a10,9,4
9+1,11,4
26年深圳一模,10,4
26107A,15,4
2026数学一模,14,4
2026年龙东地区初中学业水平调研测试卷数学,17,4
2026年江南十校安徽联考高三,34,4
2026年菏泽市一模,21,4
2026年高三第一次联合模拟考试东北三校,10,4
2026龙东地区初中学业水平调研测试,22,4
2026届高三综合素质检测语文,11,4
2026届高三2月学情检测,14,4
2026江南十校高三下学期3 5,18,4
2026江南十校3 5,9,4
2026高三3月大联考,21,4
2026 年深圳市高三年级第一次调研考试,7,4
2026 江南十校 3月 高三联考,7,4
2026 T8联考,17,4
2025武汉二调,8,4
2025苏锡常镇一模,6,4
2025汕头一模,11,4
2025泉州三检,6,4
2025全国二卷,10,4
2025全国1卷,7,4
2025兰州市一诊,12,4
2025朝阳一模,10,4
2025北京中考英语,8,4
2025 年0 1卷 全国1卷,13,4
2025 江南十校 3月 高三联考,11,4
2025 2026福州市高三三月质量检测,11,4
2025 0 1 1卷 数学 真题,10,4
2024 0 1 1卷 数学 真题,6,4
2023新高考1卷,8,4
2024,11,4
2022,9,4
作文语文,9,3
作文范文语文,4,3
琢名小渔 2026届高三年级开学调研检测,9,3
组题,9,3
组合数,5,3
自主招生 2024年全国初三数学自主招生专题汇编,9,3
自招化学,13,3
自招9年级化学,6,3
淄博一模英语试题,10,3
淄博市2025 2026学年度第一学期高三摸底质量检测,32,3
淄博实验中学,5,3
淄博2026高三一模,6,3
追梦之旅,10,3
专项练习,9,3
专升本,8,3
株洲市南方中学自主招生,8,3
周周清,5,3
周末小测卷,11,3
重庆育才,13,3
重庆一模,5,3
重庆市西南大学附中,10,3
重庆市第一中学校,24,3
重庆期中,10,3
重庆南开3月月考,7,3
重庆南开 1月 期末,7,3
重庆九龙坡 2026 一诊,6,3
重庆第八中学,5,3
重庆巴蜀中学高三一模,4,3
重庆八中高三下入学考试,5,3
重庆八中初一下语文试卷,6,3
重庆 一诊2026届,8,3
重庆 0224巴蜀,6,3
中科大少年班,4,3
中考总动员,5,3
中考模拟卷2026,7,3
中考历史,5,3
中考化学,4,3
中考123,10,3
中考 02025 一轮 复 江苏,23,3
中国科学技术大学少年班入围考试试题,11,3
职教高考,13,3
职高 2025 数学,11,3
执信中学,10,3
知识清单,8,3
知识点复习归纳,5,3
知识点复习,6,3
政治与法治,4,3
政治答题模板,5,3
郑州一中2025 2026高二上学期期末试卷,17,3
郑州外国语学校,7,3
郑州市第一中学,9,3
郑州市第七高级中学,9,3
镇江零模,7,3
镇江2025 2026学年第一学期高三期末质量,10,3
浙南名校 金兰教育 七彩阳光 精诚联盟2026年2月返校考,4,3
浙南 金兰七彩精诚26开学考,9,3
浙南,29,3
浙江数学,4,3
浙江省一模,7,3
浙江省新阵地教育联盟2026届第一次联考,4,3
浙江强基联盟2026年3月高三联考物理,13,3
浙江强基联盟2026年3月高二联考,9,3
浙江强基联盟2026年1月高三联考,3,3
浙江强基联盟 2026 年 3 月高二联考,4,3
浙江卷,4,3
浙江z20,3,3
浙江 中考 2025 数学,5,3
浙江 一月 2026首考,5,3
长泰区,16,3
长沙一中,11,3
长沙一模2026数学,6,3
长沙县,13,3
长沙市雅礼中学,15,3
长沙2026 高三模拟,8,3
长沙 中考 2025,5,3
长沙 026高三一模,4,3
长乐一中,16,3
长郡中学2026届高三月考,4,3
长郡一模,13,3
长郡二十校联考,6,3
长郡二十校 026高三3月联考数学,7,3
长春 2026 一模,9,3
漳州市,13,3
章丘,8,3
张家口市桥西区,15,3
湛江一模,5,3
湛江,3,3
早背晚默 大气 背诵资料 2025 2026学年高三年级,26,3
郧阳中学2025自招,6,3
云学,12,3
云南中考模考,17,3
云南省新高考自主命题冲刺金卷,17,3
云南六年级下学期阶段检测,11,3
云南高考物理,6,3
云南地理中考2026年专题复习商务星球版,6,3
云大附中,19,3
越秀区一模,3,3
月,6,3
圆锥曲线大题,8,3
圆周运动单元测试,5,3
圆盘临界模型,5,3
预习,8,3
育明高中,8,3
语言文字应用 2025 专题练习汇编,5,3
语文中考,6,3
语文阅读理解专项七年级下,5,3
语文阅读理解模板,4,3
语文阅读答题模板,5,3
语文选择题专项,4,3
语文试卷 2026年高三,11,3
语文试卷,14,3
语文默写,9,3
语文古诗词默写,7,3
语文高三,6,3
语文100天复习计划表高考语文,3,3
语法填空2025专项练习,6,3
语法填空 100篇专项训练,20,3
语法 填空,8,3
鱼我所欲也,12,3
有机,6,3
优翼,9,3
优秀作文,4,3
优化学案,13,3
优化探究,12,3
优化设计,11,3
永州市2026年高考第二次模拟考试,6,3
永州二模,17,3
英語,11,3
英语周报,9,3
英语阅读理解 100篇专项训练中考,17,3
英语阅读理解 100篇专项训练,7,3
英语完型填空 100篇 专项训练英语2025,7,3
英语书,4,3
英语试卷,10,3
英语模拟题,5,3
英语高考,6,3
英语读后续写应用文素材,4,3
英语第一次月考,16,3
英语单词,9,3
英语词汇3500词汇表,11,3
英语 中考 2025试卷,4,3
英语 读后续写,4,3
英语 01 172024 年 九年级语法填空,9,3
英 语,14,3
应用文 2025 高考英语写作模板,4,3
隐零点,4,3
银川一中高二下学期语文,7,3
音频 1 单词录音 课文录音mp3,5,3
因式分解 100专题训练,12,3
议论文,6,3
宜昌,8,3
宜宾一诊,6,3
一战成名 2026初中数学,9,3
一战成名 2026初中,6,3
一模提分卷,12,3
一模山东,7,3
一模历史,11,3
一模卷 2026,11,3
一模2026汕头,12,3
一模2026黑龙江,9,3
一模 2026英语,3,3
一模 2026 高三数学,13,3
一检,5,3
一飞冲天,6,3
一次函数,4,3
一般过去时,5,3
一,8,3
液体压强,5,3
扬州 一模 数学2026,8,3
盐城 南京 20252026学年度第一学期期末调研考试高三,6,3
炎徳英才长郡二十校12月大联考2026物理新高考教研联盟,4,3
炎徳英才大联考2026届高三湖南,5,3
延边州,10,3
延安中学,6,3
烟台一模数学,5,3
烟台期末,5,3
烟台 一模 2026政治,34,3
雅礼一模,7,3
雅礼2026届高三月考试卷答案,7,3
学习质量监测天津,5,3
学练优2026数学,8,3
学练优,13,3
学军中学高三数学,14,3
学军,8,3
学 易 金卷2025 2026,10,3
选择题专练,8,3
选修三生物知识点总结,10,3
徐州一模数学,3,3
兴化市板桥初级中学,11,3
兴化期末,10,3
星海初中初一,8,3
信宜中学,11,3
新阵地语文,3,3
新阵地英语,16,3
新阵地开学考,15,3
新余一中,5,3
新营中学下学期开学考试卷,42,3
新未来联考,6,3
新未来3月,8,3
新未来 3月联考,7,3
新课标1卷,8,3
新疆自治区二模,14,3
新疆中考 2025 全科真题,5,3
新疆维吾尔自治区2026年普通高考适应性检测分学科第一次模拟考试,5,3
新疆三月适应性检测,64,3
新疆内初班考试历年真题卷,12,3
新疆阶段检测,11,3
新疆2026三月适应性检测,5,3
新华中学,13,3
小学奥数,7,3
小说,5,3
小升初奥数,6,3
小升初 202 202 4学年初分班考试数学卷,6,3
向量数量积,5,3
向量的数量积,8,3
向量的加减法,8,3
襄阳五中,3,3
襄阳四中2026届高三下学期质量检测A,5,3
襄阳市一模,4,3
襄阳 2026 3月市一,6,3
咸宁,7,3
西城一模,6,3
西城,11,3
西安铁一中学高一下第1次月考,6,3
西安,14,3
悟理,8,3
物理专项训练,4,3
物理专题,4,3
物理中考模拟试卷,4,3
物理中考2025真题,6,3
物理中考,6,3
物理月考,12,3
物理一模2025,5,3
物理压轴题,4,3
物理选修三知识点,4,3
物理摩擦力,4,3
物理辽宁高三,8,3
物理机械波,6,3
物理高一下学期第1次月考,4,3
物理二模,6,3
物理动量大题专练,5,3
物理电学实验专题,10,3
物理第一次月考,10,3
物理磁场复习,5,3
武汉市三月调考,13,3
武汉三月调研,5,3
武汉三月调考,8,3
武汉九调,9,3
武汉二中2025 2026学年高一上学期期末考试化学试卷,4,3
武汉二调2025数学高三,6,3
武汉调研,5,3
武汉 三调 调研 2026高三数学,5,3
五星学霸人教,6,3
五三2025数学,5,3
五年一贯制考试真题广东省,6,3
五年级下册第一单元1单元 测试卷,8,3
五年高考三年模拟,7,3
梧桐中学,9,3
芜湖市一模,7,3
文汇中学,6,3
温州 1 5模2026,4,3
潍坊一模数学,4,3
潍坊一模化学,4,3
潍坊市高考模拟考试,7,3
潍坊高三上学期 一模,8,3
潍坊2026一模,6,3
潍坊 一模,8,3
潍坊 高三 一模,13,3
潍坊 高三,3,3
潍坊 026高三一模,8,3
万有引力 2025专题复习,6,3
万有引力 10大题型,7,3
万唯2025年黑白卷,8,3
皖北协作区2026高三,12,3
皖北协作区2025高三数学,3,3
皖北协作区2025高三化学,5,3
完型,4,3
统计,11,3
桐城二中9年级第一次模考语,7,3
通用技术,16,3
听力训练 含音频,11,3
听力 100篇,5,3
听力 100 篇中考,4,3
铁人中学,10,3
铁东区,5,3
条件概率,4,3
天一高中,7,3
天一大联考3月,3,3
天一 大联考,11,3
天星 45 套金考卷,5,3
天利38套,18,3
天津英语一模,8,3
天津英语高考,4,3
天津一模,9,3
天津五年级下学期阶段检测,13,3
天津四年级下学期阶段检测,5,3
天津市南开区,8,3
天津市和平区一模,21,3
天津三校联考英语,6,3
天津三校联考,3,3
天津期末,16,3
天津南开区八下期中数学2025,22,3
天津河北一模英语,4,3
天津河北区高三英语一模,8,3
天津高考,7,3
天和城实验中学,16,3
滕州一中火箭班物理初升高选拔试卷,3,3
桃花源记 对比阅读,5,3
泰州中考,6,3
泰山教育联盟,11,3
太原市,5,3
太原,13,3
遂宁市中考真题,34,3
随州,7,3
苏州市2025 2026学年第一学期期末试卷,4,3
苏州 1模 2026 高三,18,3
苏锡常镇一模英语,5,3
送东阳马生序,8,3
四月月考,8,3
四级,9,3
四川内江华东师范版,4,3
四川联考高三,10,3
四川联考,7,3
四川阶段检测,6,3
四川高三大数据联考,5,3
四川单招数学,4,3
四川大数据联考高三2026,16,3
四川大数据联考2026,13,3
四边形压轴,9,3
四边形单元测试,10,3
数与式,4,3
数学专题,3,3
数学一模试卷,10,3
数学一模 2025,5,3
数学一模,15,3
数学压轴题,5,3
数学同步练习册,9,3
数学试卷,6,3
数学排列组合练习题,7,3
数学竞赛 初三,20,3
数学竞赛,19,3
数学计算题,9,3
数学高考,7,3
数学概率,7,3
数学北师大版,8,3
数列大题 2026高考专题练习,7,3
数列 0 一轮复习专题资料,5,3
数列 0 一轮复习基础练习,6,3
数列 0 一轮复习 专题 资料,3,3
树人,7,3
树德中学,9,3
沭阳广宇学校期末试卷初三第五次联考化学,5,3
受力分析,6,3
收心考,12,3
适应性测试,45,3
实验题,7,3
实验探究,11,3
时间,5,3
石室,7,3
石家庄一模,9,3
十一中,10,3
十堰市郧阳中学自主招生试卷,26,3
十堰市2026年高三元月调研考试,9,3
生物中考2025真题,6,3
生物遗传学练习题,3,3
生物选修二,4,3
生物会考2025试卷,8,3
生物分离定律,6,3
生物必修二第一章典题精练,5,3
生物必修二,6,3
生物 必修二必背知识点汇总,11,3
生地会考真题2025,16,3
生地会考复习资料,11,3
生地会考2026知识点,6,3
沈阳一模,21,3
沈阳市2025零模,14,3
沈阳七中九年级下学期开学考,14,3
沈阳120中学,12,3
神州智达,6,3
深圳一模历史,5,3
深圳一模化学,4,3
深圳一模地理,4,3
深圳数学一模,4,3
深圳市,9,3
深圳科学高中,3,3
深圳高级中学,5,3
深圳二模,8,3
深圳第一次调研考试,8,3
深圳 一模2026高三数学,4,3
深圳 一模 2026数学,8,3
深圳 2026 高三第一次调研语文,6,3
深一模2026化学,3,3
邵阳市第二中学开学考试,8,3
上进联考,14,3
上海16区英语一模,5,3
上高二中,5,3
上宝中学,6,3
汕头政治一模,5,3
汕头一模政治,7,3
汕头市一模,12,3
汕头市,11,3
汕头 2026高三一模卷,11,3
汕头 202 6一模,11,3
汕头 024 2025一模,6,3
陕西师大附中2025 2026学年度初三年级第2次适应性训练数学试题,4,3
陕西师大附中,9,3
山东烟台一模,7,3
山东实验中学,6,3
山东省实验,8,3
山东省三月调研,13,3
山东省临沂市2026届高三一模,7,3
山东省临沂市2025届高三一模,11,3
山东省聊城市2025年中考生物学试卷,6,3
山东省济宁市12县市区2024年——2025年九年级数学一模试卷,10,3
山东省菏泽市高三一模,13,3
山东省德州市 2026学年高三一模,9,3
山东省3月初高三名校联盟考试,4,3
山东省 1月 2026初中期末考试历史,4,3
山东省,4,3
山东生物,6,3
山东三年级下学期阶段检测,7,3
山东七年级下学期阶段检测,6,3
山东名校考试联盟2026年2月高三核心素养评估,6,3
山东六年级下学期阶段检测,16,3
山东聊城一模,5,3
山东历史,4,3
山东九年级下学期期末,14,3
山东济宁2026期末考试,6,3
山东菏泽高三一模,6,3
山东菏泽2026一模数学,7,3
山东高三下学期期末,8,3
山东高三核心素养评估,5,3
山东德州高三一模,3,3
山东 菏泽 2026 高三 一模,4,3
山东 10名校联盟,7,3
厦门二检,9,3
厦门第一中学,8,3
厦门2026届高三毕业班质量检测,12,3
三湘大联考,11,3
三省三校一模,19,3
三省三校生物,8,3
三省三校 黑龙江哈师大附中 东北师大附中 辽宁实验中学 2025 2026物理,6,3
三年级下对称第一单元,6,3
三模2025,10,3
三明,8,3
三角恒等变换 025一轮专题2026练习题,4,3
三角函数 025一轮专题,4,3
三角 函数025一轮专题测,3,3
三角 函数025 单元测试,7,3
三角 函数,9,3
锐角三角函数,6,3
入学考试,17,3
入学,14,3
溶液及其应用,4,3
溶解度和溶解度曲线专题,4,3
蓉城联盟,7,3
日照高三一模,27,3
日照 一模,13,3
日语一模2026,6,3
人教版,7,3
泉州五中,6,3
泉州市中考数学一检,6,3
泉州市2024届高中毕业班质量检测三,9,3
泉州实验中学,7,3
泉州 1 月份 2026,16,3
全品 学练考,10,3
全品,5,3
全国中学生生物学联赛,10,3
全国一轮复习数学,3,3
全国一卷,11,3
全国二轮专题,16,3
全国初中数学联赛,7,3
全国100所名校高考模拟示范卷,7,3
全国100名校单元测试示范卷2026,23,3
全国 1 高考卷,6,3
全国,5,3
屈原列传,9,3
曲靖市第一中学,5,3
曲靖,12,3
曲阜,9,3
清远市博爱学校,10,3
清华附中,8,3
清华大学,4,3
青岛自招,7,3
青岛一模2026,11,3
青岛西海岸新区自主招生,6,3
青岛2025一模,15,3
青岛 023 2026高三 一模,13,3
青 桐 鸣3月高三联考,5,3
强基联盟化学3月,10,3
强基联盟地理,5,3
强基联盟3月,13,3
强基联盟 3月2026年 高三英语,4,3
强基计划,5,3
黔南州2025 2026学年度第一学期期末质量参考答案,24,3
前黄高级中学,10,3
齐齐哈尔2025年一模试题,6,3
齐齐哈尔2025 2026期末考试九年级,5,3
期中试卷,29,3
期中考试,30,3
期末卷,15,3
期末复习,4,3
期末 2024 2025上学期期末测试卷,9,3
期初考试高一下,15,3
七中期末,9,3
七下月考,15,3
七下数学第一次月考,8,3
七下第一单元,5,3
七年级下学期期末,10,3
七彩课堂,11,3
普宁,6,3
浦北县,9,3
濮阳一模,4,3
濮阳,33,3
莆田二检英语,7,3
莆田 二模,25,3
莆田 1月份2026期末统考,6,3
平行四边形专题,6,3
平行四边形 18 1专题培优,4,3
平抛运动专题,3,3
平面 向量单元测试,5,3
庖丁解牛课件,6,3
庖丁解牛,14,3
抛体运动单元测试,8,3
排列10种常见题型2025一轮复习,8,3
欧姆定律,7,3
牛顿第一定律,4,3
宁德,6,3
宁波九校,17,3
能力培养与测试 必修2 人教版 可打印,9,3
能力培养与测试,15,3
能力培养,25,3
内江,30,3
南外,6,3
南通市海安市中考一模,5,3
南通期末,4,3
南通高三一模,7,3
南通 高三一模,4,3
南通 026高三一模数学,5,3
南山中学,4,3
南平市,9,3
南宁二中 2026年 2月,7,3
南开一模,6,3
南开区一模,7,3
南开区,11,3
南京一模,3,3
南京盐城一模2026,15,3
南京盐城一模,6,3
南京铁路单招校考真题试卷,7,3
南京市 盐城市 2025 2026学年度第一学期期末调研测试,11,3
南京市,4,3
南昌市初三一模,4,3
南昌0模2026,4,3
牡丹江市第一高级中学,15,3
模拟考试,17,3
摸底考试,9,3
明德中学,5,3
名校协作体浙江,17,3
名校协作体 高三,11,3
名校协作体 高二下学期开学考,8,3
名校联盟高三3月,23,3
名校课堂 026名校课堂七年级下册,21,3
名校课堂,38,3
名校 1 联盟 高三12月,11,3
名校 1 联盟,10,3
免费2024,3,3
绵阳一诊数学,7,3
绵阳二诊,8,3
绵阳 2 诊2 026,5,3
绵阳 1 诊,7,3
幂的4种运算习题,12,3
每日一练,12,3
酶,4,3
梅州一模2026,5,3
梅州一模,13,3
梅州市一模,7,3
梅州市高三总复习质检试卷,5,3
梅州市高三一模,4,3
梅岭中学,14,3
眉山市中考真题,4,3
眉山,71,3
茂名市,4,3
马鞍山,5,3
洛必达法则,3,3
鹿鸣路初级中学,7,3
龙岩市,51,3
龙岗,4,3
龙东地区,15,3
六中,6,3
六校联盟,7,3
六年级下学期阶段检测,11,3
柳州,19,3
硫,6,3
领航高中联盟,9,3
临沂市高三一模,10,3
临沂 一模,21,3
临沂 高三 一模,9,3
聊城一模物理,5,3
聊城一模数学,7,3
聊城市2026高三一模,11,3
辽宁实验中学,5,3
辽宁省名校联盟三月份一模,37,3
辽宁省名校联盟高三3月份联合考试,12,3
辽宁省部分重点中学协作体2025年高考模拟考试,13,3
辽宁省2026届高三下学期3月模拟考试,7,3
辽宁省2026 年名校 联盟高三下3月份联合考试,8,3
辽宁省 名校联盟 12月份高三,4,3
辽宁省 名校联盟,10,3
辽宁名校联盟一模2026,8,3
辽宁名校联盟高考模拟卷调研卷,4,3
辽宁名校联盟2026,5,3
辽宁名校联盟 2026高三3月份,8,3
辽宁2026一模,6,3
辽宁 名校联盟高三一模,6,3
辽宁 名校联盟2026 3月模考化学,10,3
辽宁 名校 联盟3月份,5,3
辽宁 名校 联盟,4,3
辽宁 0 名校 联盟3月份化学,6,3
辽海出版社能力与培养,12,3
练习册,15,3
联盟,5,3
联合体,11,3
立体几何大题,7,3
立体几何 2025 常考大题,4,3
历史中外历史纲要下专题,4,3
历史一轮复习,5,3
历史二模,9,3
历史01一轮复习 历史知识点归纳,4,3
历城二中,6,3
力与运动,8,3
理综合卷,4,3
理科综合,19,3
兰州市中考真题,6,3
兰州市2025年高考一诊,8,3
兰州2025一诊,5,3
昆一中,8,3
昆明市统测,3,3
昆明市第一中学2026届高三2月复习诊断,12,3
昆明市第一中学 2 026届高三年级1月诊断,6,3
昆明市,10,3
口算天天练,7,3
口算,9,3
课外文言文练习,5,3
课外文言文,10,3
课课练,10,3
课本电子版,9,3
考试,5,3
康平,6,3
凯里一中,9,3
凯里 一中2 0 2 6 届 高三黄金卷,7,3
开学考 2024 2025 七下,26,3
开门考 初三 九下,4,3
九下英语长沙,9,3
九下物理开学考,13,3
九下化学开学考试,7,3
九五高中协作体,10,3
九师联盟高三第七次质量检测,13,3
九师联盟高三,5,3
九上物理期末,4,3
九年级语文,9,3
九年级下学期undefined,8,3
九年级物理三月份月考试卷,7,3
九年级数学,12,3
九江一中,8,3
九江市2026一模,16,3
九江市2026年第一次高考模拟统一考试,13,3
九 师202 6九师联盟1月,9,3
竞赛生物,5,3
竞赛培优专项训练,4,3
竞赛培优,11,3
景德镇,7,3
精准学与练,6,3
精品,7,3
精彩三年,7,3
荆州中学高一下,21,3
金太阳重庆高三,9,3
金太阳联考,7,3
金太阳 023 高三上1月 化学 试卷,7,3
金丽衢十二校,11,3
金考卷2026版,5,3
金考卷 2025版45套,6,3
金华,13,3
金版教程2026版,21,3
金版教程,22,3
结课考天津,9,3
结构化学,7,3
揭东区第一实验中学,21,3
教与学学导练,4,3
教师版,9,3
教材,17,3
江西重点中学,9,3
江西一模,6,3
江西师大附中,4,3
江西省重点中学协作体高三第一次联考2026,10,3
江西省重点中学协作体高三第一次联考,10,3
江西省重点中学协作体2026届高三第一次联考生物,3,3
江西省重点中学协作体 2026 届高三第一次联考,10,3
江西省重点中学协作体,12,3
江西省赣州市一模考试,9,3
江西期末试卷,21,3
江西九校联考,8,3
江苏五年级下学期阶段检测,7,3
江苏卫生健康职业学院单招试卷,8,3
江苏省南通市,13,3
江苏期末,27,3
江苏七年级下学期期中,10,3
江苏九校2026届高三3月联合测试数学试题,6,3
江苏化学,6,3
江苏高三下学期期末,5,3
江苏高三,14,3
江苏高考化学,4,3
江苏026届 高三,6,3
江南十校物理高三,6,3
江南十校化学,3,3
江南十校高三数学,3,3
江南十校高三2025届3月,8,3
江南十校安徽3月联考高三,26,3
江南十校2026高三数学,7,3
江南十校 2026年3月高三政治,5,3
江南 十校 2月份 2026高三,6,3
江南 10 十校英语,5,3
江南 10 十校 3月份 联考2025高三下学期一模,4,3
江南 10 十校 10月份 联2026高三下学期,10,3
江南  十校,6,3
江淮,7,3
建平中学,5,3
建平,7,3
检测,6,3
蓟州一中,8,3
济宁一模英语高考,3,3
济宁一模历史,6,3
济宁市2026年高考模拟考试,10,3
济宁26高三一模,6,3
济南一模化学,5,3
济南市 2026 届高三第一次模拟考试,9,3
极值点偏移,6,3
吉林一模,15,3
吉林市第九中学,9,3
基础题,21,3
基础卷,7,3
基本不等式,6,3
机械运动,9,3
机械能守恒,3,3
机械波 10年高考真题汇编物理,8,3
机械波,10,3
惠州一模,6,3
会考 20 25年普通高中学业水平考试,9,3
汇文中学,7,3
黄金 8 卷,8,3
黄河颂,12,3
黄冈小状元 作业本,12,3
黄冈名师天天练,19,3
黄冈名卷,7,3
淮南二中自主招生试卷,12,3
淮北市2026九年级,12,3
化学选择性必修三,6,3
化学选择性必修二,12,3
化学选择性必修2,7,3
化学选择性必修 1,4,3
化学酸碱盐初三练习题,5,3
化学实验基本操作,22,3
化学期末,10,3
化学高一下学期第一次月考,11,3
化学高一期末,11,3
化学方程式,6,3
化学必修二,5,3
化学 2025 2026 期中,5,3
化学 1轮复习高考,3,3
化学 01 人教版 必修一,5,3
华中师大一附中,10,3
华附,12,3
华东师范大学第二附属中学,27,3
湖南长郡二十校,6,3
湖南物理高考,4,3
湖南物理,5,3
湖南师大附中 026高三 月考试卷 六,3,3
湖南省2026届高三九校联盟第一次联考,4,3
湖南2026高三语文,12,3
湖南 026届 高三,10,3
湖南 02 6 届 长郡 二十校联盟3月,5,3
湖北中考,5,3
湖北圆创联盟,16,3
湖北一模,8,3
湖北孝感市楚天协作体2025 2026学年高三下学期开学考试,5,3
湖北七年级下学期阶段检测,10,3
葫芦岛2025高三一模,14,3
红桥一模,25,3
红桥区,7,3
红楼梦,12,3
红岭中学,11,3
红岭初三下开学考,6,3
衡水真题密卷,7,3
衡水 金卷 02026 先 享 卷调研卷,14,3
衡水,7,3
黑龙江实验中学,6,3
黑龙江省实验,7,3
黑龙江省哈尔滨市第三中学,21,3
黑龙江 3月2026联考高三,10,3
黑龙江 2026高三3月份,6,3
黑吉辽 2025 高考真题,4,3
黑白卷,5,3
菏泽市2025高三一模,9,3
菏泽高三一模2026,8,3
菏泽二模 2025高三,5,3
菏泽二模,10,3
菏泽2026一模语文答案,4,3
菏泽2025 2026年高三一模,11,3
菏泽 一模 2026数学,9,3
菏泽 一模 2026地理,3,3
菏泽 023 2026高三上 期末,6,3
河南天一大联考,6,3
河南省豫西北教研联盟2026,22,3
河南省五市2025届高三第一次联考,16,3
河南高三,10,3
河东一模英语,9,3
河东区一模,9,3
河北中考模考,10,3
河北石家庄,20,3
河北阶段检测,7,3
河北初中一模,4,3
和平,13,3
合肥一模数学,3,3
合肥市2026届高三第一次教学质量检测,8,3
合肥八中,9,3
合肥 1中,11,3
合肥 1 月份教学质量,4,3
合肥 1 模2026,9,3
杭二,4,3
函数 025一轮专题,6,3
海南中学2025届高三第8次月考,4,3
海南中考2025,5,3
海南高三联考,7,3
海淀,8,3
海城高中,9,3
哈师大附中 辽宁省实验中学 东北师大附中 2025年高三第一次联合模拟考试试题,8,3
哈三中一模2026届高三,5,3
哈三中2026一模数学,7,3
哈三中2026一模,9,3
哈三中2026届高三学年第一次模拟试卷政治,7,3
哈三中2026高三第一次模拟数学,12,3
哈三中2026 3月模考,6,3
哈三中2026,9,3
哈九中高三模拟考试,10,3
哈尔滨中考,7,3
哈尔滨市第六中学,8,3
哈尔滨三中高三一模2026,4,3
哈尔滨第三中学高三一模,7,3
哈尔滨2026一模,7,3
哈尔滨 1月份 2026一模,8,3
哈3中 2025上期末考试,6,3
哈 三 中 2 0 2 5 2 0 2 6 学 年 度 三 学 年 期 末考试,6,3
过 秦论 2025理解性默写,6,3
贵州高考,24,3
贵州,17,3
贵阳市2026年高三年级适应性考试 一,8,3
贵 阳 市 2 0 2 6一模适应性考试,5,3
广州一模 2025,8,3
广州深圳一模,7,3
广州大学附属中学,4,3
广州 0 模数学,7,3
广一模,3,3
广东英语听说真题,3,3
广东英语听说,4,3
广东物理中考,4,3
广东深圳市2026届高三年级第一次调研考试英语试卷,7,3
广东衡水金卷2026届高三3月联考,3,3
广安,11,3
光,5,3
瓜豆原理,5,3
古诗词,8,3
勾股定理 01专题 13种题型,6,3
工艺流程,19,3
高中语文作文素材积累,4,3
高中语法填空,10,3
高中英语语法填空,8,3
高中英语默写训练,8,3
高中学业水平合格性考试,9,3
高中新课程学习指导,3,3
高中物理压轴题汇编,5,3
高中生物必备知识点,7,3
高中不等式专题,3,3
高中,45,3
高一下学期数学,9,3
高一下学期第一次月考,7,3
高一下学期,15,3
高一下物理月考,8,3
高一下期末,10,3
高一下化学3月月考,6,3
高一下第一次月考,14,3
高一物理必修二,6,3
高一物理,8,3
高一上册期末联考试卷,4,3
高一化学,7,3
高新一中,11,3
高三综合素质检测,8,3
高三政治试卷,9,3
高三长郡二十校联考 2026,9,3
高三语文文言文 100篇专项训练文言文,8,3
高三语文试题,6,3
高三试卷,13,3
高三生物试卷,3,3
高三开学考,10,3
高三金太阳,13,3
高三江南十校化学,4,3
高三第7次质量检测语文,11,3
高三德州一模,8,3
高三4月大联考,5,3
高三 一模 2026山东东营,5,3
高三 一模 2026山东,7,3
高联一试 数学,10,3
高考总复习课堂测评,6,3
高考英语 听力10年真题全国卷及音频,6,3
高考听说 广东,4,3
高考模拟卷,6,3
高考领航,6,3
高考历史,3,3
高考 英语10年真题 分类 汇编,6,3
高考 化学10年真题 分类 汇编,15,3
高二下学期第一次月考数学,9,3
高二下学期第一次月考,12,3
高二下第一次月考数学,22,3
高二下册第一次月考,13,3
高二下 3月 物理月考,5,3
高二生物竞赛题,5,3
高二上期末考试,11,3
高二上期末,23,3
高二期末考试卷,12,3
高二第一次月考,15,3
高二 下学期 3月考,10,3
高 一下 1 期中,6,3
高 三 1月 大联考,8,3
高 考 数学2025高考真题,8,3
高 二 3月份开学考,4,3
赣州一模数学试卷,6,3
赣州市一模,7,3
甘肃一诊暨2025年甘肃省高三月考试卷 3月 英语,5,3
甘肃省2025年一模,6,3
甘肃1 诊,4,3
概率与统计,5,3
概率高考真题,3,3
概率 023 1轮复习大题,4,3
复合函数求导,7,3
阜新市实验中学,10,3
福州延安中学3月月考,9,3
福州延安中学,9,3
福州三中,8,3
福州高三英语质量检测第二次,7,3
福州高三3月质检,5,3
福州二检语文,12,3
福州3月质检,5,3
福建中考 2025真题,12,3
福建四年级下学期阶段检测,6,3
福建省名校联盟,17,3
福建省,11,3
福建名校联盟全国优质校2026届高三二月大联考英语试题,6,3
福建名校联盟全国优质校2026届高三二月大联考,5,3
福建高考历史,11,3
浮力专题,7,3
佛山七下数学期中,11,3
佛山 一模,8,3
佛山 022026一模,15,3
分子的空间结构习题,4,3
分子的空间结构,3,3
分子的结构与性质,7,3
分式化简求值,8,3
分式 方程100道计算题,12,3
费马点,8,3
非连续性文本,22,3
仿真模拟卷,7,3
房山区一模,18,3
房山区,18,3
方程组,6,3
番禺,17,3
法律与生活,9,3
法拉第电磁感应定律,9,3
发酵工程及其应用,6,3
二中,12,3
二元一次方程组,6,3
二十四中,5,3
二力平衡,3,3
二检,15,3
二调,9,3
鄂尔多斯一中,3,3
鄂东南联考,16,3
动能定理,9,3
动量守恒定律,4,3
动量定理 15种模型,4,3
动词不定式,8,3
东营市2026高三一模,12,3
东三校一模 东北三省三校2026年高三第一次联合模拟考试,6,3
东莞市高一下月考,15,3
东莞,5,3
东城,10,3
东北三省三校联考,7,3
东北三省 2026高三第一次模拟考试数学试题,4,3
鼎尖,7,3
电离平衡常数,4,3
第一章,10,3
第一次月考3月月考,10,3
第四次月考,12,3
第七次质量检测,15,3
邓稼先,7,3
等差数列的前n项和,4,3
地生会考真题,4,3
地理中考,26,3
地理会考2025试卷,6,3
地理高三,9,3
地理高考,4,3
地理答题模板,19,3
地 理,10,3
德州一模物理,10,3
德州高三2026一模,22,3
德州 1月 高三一模历史,6,3
德州 1月 高三期末,17,3
导数综合大题,6,3
导数练习,4,3
导数恒成立,4,3
导数高考专题,6,3
导数单调性,15,3
导数16题常考类型,5,3
导数 单调性,9,3
氮,7,3
单招真题,7,3
单招2025真题数学江苏,4,3
单元卷,8,3
单元测试卷,10,3
单杆模型和双杆模型,5,3
单杆,5,3
单摆测重力加速度,5,3
丹东市,8,3
丹东期末,16,3
丹东二中,17,3
丹东,9,3
大同市一模,15,3
大数据,25,3
大庆实验中学2025高一下学期开学考试,39,3
大联考2026,6,3
大连双基,9,3
大连市二十四中,14,3
大连三校联考,41,3
大连24中2026年数学卷,14,3
大东区,6,3
大π键,4,3
答題卡,7,3
错题本,4,3
春晚,5,3
创维新课堂,11,3
楚天协作体,5,3
初中总复习手册数学,9,3
初中总复习手册,14,3
初中课外文言文训练,12,3
初中必刷题,13,3
初三,9,3
成都一诊,9,3
成都外国语学校,16,3
成都市,12,3
成都石室中学高三,4,3
成都七中入学考试2026,6,3
成都七中林荫,3,3
成都七中高三二诊模拟,21,3
成都七中高三,5,3
成都高三,7,3
成都2023级毕业班第一次诊断性检测,4,3
成都 10月月考七中,10,3
成都 1 诊,9,3
常州 026高三期末,3,3
常熟,6,3
常见的酸碱盐,9,3
猜想05,3,3
部分区期末,13,3
步步高 2026大二轮复习讲义,6,3
不等式,8,3
波的描述,6,3
滨州一模语文,7,3
滨州一模高三数学,7,3
滨州 1月期末高三,7,3
滨州,16,3
北师大版,10,3
北师大,10,3
北京中学,21,3
北京中考,6,3
北京育才学校,4,3
北京五年级下学期阶段检测,13,3
北京四年级下学期阶段检测,21,3
北京三年级下学期阶段检测,6,3
北京七年级下学期阶段检测,6,3
北京六年级下学期阶段检测,6,3
北京高考数学,6,3
北京八年级下学期阶段检测,9,3
北郊,7,3
北斗星盟,8,3
北大附中,9,3
板块模型,10,3
百校联盟金考卷,18,3
百师联盟1月2026高三,6,3
百 师联盟高三2026开年大联考,11,3
百 师联盟1月高三2026开年大联考,15,3
巴蜀中学2026届高考适应性月考卷,11,3
巴南区,10,3
八一中学,9,3
八校联考,14,3
八下英语 2026 人教版,19,3
八下物理力学单元检测,9,3
八下物理第一次月考,6,3
八下物理 7 1 力 练习,6,3
八下数学竞赛卷,7,3
八下数学第一单元试卷,12,3
八下数学 2026数学教材,6,3
八下数学 2026数学二次根式,7,3
八下期中月考物理长沙,9,3
八下地理,11,3
八下 历史 背诵 知识 清单2026,4,3
八下,14,3
八省联考 2025,7,3
八省 联考,5,3
八年级下册科学浙教版空气的成分,3,3
八年级下册,12,3
奥数,7,3
安师大附中,5,3
安培力与洛伦兹力,9,3
安徽皖北协作区2026届高三3月联考,4,3
安徽天一大联考3月份开学考高一,14,3
安徽天一大联考,6,3
安徽天一,6,3
安徽师范大学附属中学,4,3
安徽三年级下学期阶段检测,8,3
安徽七年级下学期阶段检测,12,3
安徽江南十校高三2026届,13,3
安徽江南十校2026届高三3月联考,4,3
安徽江南十校2025届高三3月联考,8,3
安徽合肥一模,11,3
安徽高二下学期期末,7,3
安徽c20,15,3
安徽 A 10联盟2026届,4,3
Z20名校联盟2026届高三第二次联考,5,3
Z20 名校联盟2026届高三第二次联考,3,3
XLM1,8,3
T8联考英语,6,3
SHAX202603,5,3
https://www.zxxk.com,9,3
G20,10,3
G12,13,3
F7教育联盟,6,3
F7 2026学年安徽省九年级第一次学业水平测试,6,3
C20教育联盟,31,3
C20安徽一模数学2026,3,3
Animal friends,5,3
A10 12月安徽1号卷 A10联盟,4,3
6年级下册数学,24,3
43中学,11,3
3月开学考,9,3
3月份月考,13,3
25青岛一模,8,3
25高考,9,3
2026中考第一次模拟考试,15,3
2026浙江首考1月英语,69,3
2026浙江首考,3,3
2026长郡20校,6,3
2026烟台一模数学,4,3
2026烟台一模化学,7,3
2026兴化市九年级下学期开学,13,3
2026新疆三月适应性测试,6,3
2026武汉二调,7,3
2026潍坊1月高三一模,4,3
2026泰安一模,8,3
2026数学,8,3
2026深圳一模语文,5,3
2026深圳一模物理,8,3
2026普通高等学校招生全国统一考试,7,3
2026年深圳市高三年级第一次调研考试语文试题,7,3
2026年深圳市高三年级第一次调研考试英语,8,3
2026年陕西省初中终结性质量评估练,18,3
2026年普通高考三月适应性检测新疆,10,3
2026年普通高等学校招生全国统一考试模拟试题,8,3
2026年普通高等学校招生全国统一考试,11,3
2026年龙东地区初中学业水平调研测试,25,3
2026年哈三中高三一模,6,3
2026年高考第二次模拟考试,6,3
2026年甘肃省高三月考试卷 3月语文,10,3
2026年甘肃省高三第一次模拟考试语文试卷,6,3
2026年3月襄阳市高三年级统一调研测试数学试卷,4,3
2026年3月襄阳市高三年级统一调研测试,16,3
2026年1月普通高等学校招生全国统一考试,14,3
2026名校联盟3月,17,3
2026名校联盟,7,3
2026梅州市市一模试卷,9,3
2026临沂市高三一模语文试卷,13,3
2026临沂市高三一模,8,3
2026九师联盟,7,3
2026晋中3月高三调研,9,3
2026届浙江名校协作体G12联盟高三下学期二模试题,12,3
2026届苏北四市一模数学,5,3
2026届山东省日照市高三上学期期末模拟历史,7,3
2026届广州市高三年级调研测试,7,3
2026届高三综合素质检测英语,3,3
2026届高三综合素质检测物理,5,3
2026届大湾区普通高中毕业年级联合模拟考试,7,3
2026届百师联盟高三开年大联考,24,3
2026济宁一模物理,3,3
2026济宁市一模,15,3
2026济南一模物理,8,3
2026菏泽一模政治,13,3
2026菏泽高三一模,9,3
2026合肥一模,5,3
2026哈尔滨一模,6,3
2026高三开年大联考百师联盟英语,11,3
2026高考诊断性测试数学烟台,4,3
2026滨州高三一模数学,9,3
2026八省联考,8,3
2026 年深圳市高三年级第一次调研考试英语,6,3
2026 年0 1 一 卷浙江省首考 高考,11,3
2026 辽宁名校联盟 高三 3月 数学 试卷,6,3
2026 高三 1月 大联考,8,3
2025重庆中考数学真题,5,3
2025中考数学,4,3
2025浙江中考数学,4,3
2025浙江高考英语真题,3,3
2025长春市一模,19,3
2025学年第一学期普通高中高三期末质量评价题库,10,3
2025武汉九调数学,8,3
2025天津高考,5,3
2025天津3月高考英语真题,7,3
2025唐山一模,10,3
2025泉州二检,5,3
2025青岛一模,16,3
2025年新华区9年级区模,5,3
2025年天津高考,5,3
2025年泸州市龙马潭区中考一模,7,3
2025年辽宁省初中学业水平考试,5,3
2025年兰州市一诊试卷,5,3
2025年兰州市第一次诊断,6,3
2025年高考,5,3
2025年福建中考,6,3
2025年点石联考东北三省一区高一年级12月份联合考试语文,5,3
2025江南十校,4,3
2025济南中考英语,6,3
2025广东一模,7,3
2025广东省一模,6,3
2025高考物理真题,5,3
2025高考化学真题,4,3
2025赣州市高三一模,5,3
2025北京高考数学试卷,8,3
2025～2026齐齐哈尔市期末,27,3
2025 高考,11,3
2025 2026高三巩固训练,22,3
2024 0 1 1卷 数学 真题高考,7,3
2023年物理中考,5,3
2023高考,5,3
2022-2023烟台高二下期中数学,5,3
2022 0 1全国1 数学高考,4,3
2021山东高考物理,8,3
2021 0 1 1卷 英语高考 真题,4,3
#NAME?,4,2
2024天津英语高考第二次,2,2
2024上海化学高考真题,2,2
2024山东省中考数学真题,10,2
2024山东卷物理真题,2,2
2024山东高考,3,2
2024年天津英语高考真题,6,2
2024年天津市和平区英语中考一模,4,2
2024年兰州市高三诊断考试,3,2
2024年3月天津英语高考真题及答案,2,2
2024年1月葫芦岛市普通高中学业质量检测考试高一物理,3,2
2024历史高考真题,2,2
2024九省联考数学,4,2
2024届辽宁省沈阳市东北育才学校科学高中部高三下学期第6次模拟考试物理试题,3,2
2024化学浙江高考,2,2
2024到2025山东省烟台莱州市九年级下册期中,12,2
2024北京卷,2,2
2024北京高考英语,3,2
2024北京高考化学,4,2
20242025淄博一初四模语文试卷,2,2
2024-2025中考英语完形填空真题汇编”,5,2
2024-2025烟台高二下期中化学,3,2
2024-2025学年山东省六年级下册数学第一课题,3,2
2024-2025学年青岛市高三一模语文,2,2
2024-2025学年度（下）七校协作体3月高二联考,6,2
2024-2025五年级下册科学粤教版汕尾期中试卷,2,2
2024-2025无棣县第一次月考八年级上册地理试卷,5,2
2024-2025山东济宁嘉祥县一模数学,2,2
2024-2025七上数学期末试题,3,2
2024-2025年南海区八年级综合素养数学试卷,4,2
2024-2025年济源英语一模英语卷,3,2
2024-2025年初中地理会考真题,2,2
2024-2025柳州七下语文,4,2
2024-2025九年级下册山东省烟台市莱州市期中试卷,2,2
2024--2025河南省实验高一下第一次月考试卷,3,2
2024-2025 南京市金中河西七年级下学期初英语试卷,3,2
2024-2025,17,2
2024~2025学年下安徽高二三月调研考试 天一大联考 英语,3,2
2024~2025学年第二学期高三开学质量检测卷化学,10,2
2024~2025年德城区语文初三第一次练兵考试,2,2
2024~2025年德城区数学初三第一次练兵考试,2,2
2024~2025济南历城区一模,4,2
2024 年新课标1 1卷英语,4,2
2024 年数学中考试卷,5,2
2024 高考 数学1卷,5,2
2024 2025,2,2
2023一2025 郴州中考 全科,4,2
2023天津和平区二模数学,9,2
2023上海中考二模黄浦英语听力,2,2
2023上海中考二模黄浦英语,3,2
2023莆田市九年级化学学科能力测试试卷,4,2
2023宁夏中考道法真题,3,2
2023年乙卷高考,3,2
2023年一月浙江省普通高等学校招生全国统一考试英语卷,3,2
2023年新疆喀什地区2模,2,2
2023年数学中考卷新疆,3,2
2023年数学新高考一卷,8,2
2023年深圳中考数学试卷,3,2
2023年陕西省普通高中学业水平合格性考试模拟卷,5,2
2023年普通高等学校招生全国统一考试新课标二卷,4,2
2023年普通高等学校招生全国统一考试,2,2
2023年宁夏中考物理真题,3,2
2023年海南中考数学,2,2
2023年广东省中考数学试卷,9,2
2023年德州数学中考真题,5,2
2023年1月福建省普通高中学业水平合格性考试化学试题,3,2
2023年，烟台市初中学业水平考试文,11,2
2023辽宁化学高考真题16,2,2
2023级高三一模,27,2
2023湖南高考物理,2,2
2023葫芦岛高三一模,14,2
2023黑龙江大庆统考三模,3,2
2023德州中考数学,3,2
2023到2024济宁兖州九年级数学期末考试,2,2
2023成都数学中考,3,2
2023成都初中物理二诊青羊区,2,2
2023滨州一模,5,2
2023-2024烟台高二下期中化学,2,2
2023-2024物理竞赛,6,2
2023-2024数学竞赛,3,2
2023~2024年徐州市九年级中考数学试卷,9,2
2023 英语1卷 全国新高考1卷真题,3,2
2023 辽宁 历史高考真题,7,2
2022语文高考山西全国乙卷,2,2
2022新高考一卷语文,4,2
2022天津高考英语,4,2
2022深圳中考物理,3,2
2022上海中考数学,3,2
2022山东地理高考真题,4,2
2022年英语新高考二卷,2,2
2022年新高考1卷,4,2
2022年全国乙卷语文,5,2
2022 上海闵行区高三政治二模（线上）,4,2
2022 ～2023苏锡常镇二模高三政治,3,2
2021浙江省化学预赛,4,2
2021潍坊二模英语,4,2
2021年天津物理十二区县重点学校,5,2
2021年广东东莞中考数学试卷,2,2
2021年高考数学,3,2
2021江西中考卷数学,3,2
2021八省联考,3,2
2021-2022烟台高二下期中数学,2,2
"2021-2022学年高二英语同步单元AB卷（外研版2019选择性必修第三册,天津专用）",3,2
2020全国二卷英语,3,2
2020年青岛中考题,2,2
2020年期末试卷南宁,4,2
2020-2021东城区三年级语文期末考试卷,2,2
2020 0 1全国1 数学高考试卷,6,2
2019年江西省中考数学,3,2
2019海南物理理综高考,3,2
2018天津高考英语,5,2
2018年山东省枣庄市中考历史试卷,3,2
2017年北京语文高考真题,4,2
2017广州市番禺区中考,2,2
2017 01 全国卷1高考语文,3,2
2016山东临沂费县数学九年级期末试题,6,2
2016 1卷 全国卷,6,2
2011广东数学,5,2
2000年高考数学理科卷,4,2
1月,4,2
1500词高频单词,2,2
134中学九年语文,8,2
120个文言实词,4,2
11月,6,2
113中学,6,2
101中学,4,2
1.3  圆柱的体积  分层练习,3,2
1.?言蹊联考 2026 骐骥杯 高三英语 试卷,3,2
1.?【河南专用】2024-2025学年九年级下学期第一次月考化学试卷（含答案解析）,2,2
1.??2025 山东 职教高考 数学 真题 回忆版,6,2
1. 学科网/21世纪教育网：搜「重庆育才中学 初升高 英语 入学考试/分班考」,4,2
02一年和2022年中考试卷安徽,7,2
-_-,3,2
.中考,3,2
- 数学（沪科版）：?淮北 濉溪 龙华学校 八年级上 10月月考 2025-2026 沪科版? ?,5,2
- ?2026 辽宁名校联盟 高三 3月 历史 试卷,60,2
2023,5,2
2021,6,2
2020,3,2
2017,5,2
2014,2,2
126,5,2
